Date,Pool,Volume,Relative_Price,log_volume,lag_1,lag_7,lag_30,roll_mean_7,roll_std_7,price_lag_1,day_of_week,is_weekend,lag_2,lag_3,lag_4,lag_5,lag_14,log_volume_diff_1,price_std_7,roll_max_7,roll_mean_7_by_roll_std_7,Volume_zscore_7
2024-07-28,0x2c3c320d49019d4f9a92352e947c7e5acfe47d68,99300.3481554037,0.99992696080223,11.505914426531271,12.217596791760425,12.737926643138124,13.894999040746079,12.427456715755907,0.4976500143360212,0.999962214270491,6,1,12.23463719636147,12.593975258385116,12.809016076168879,13.01672117808534,12.312866957503456,-0.7116823652291533,0.00016648404850389068,13.01672117808534,24.972282442987517,
2024-07-29,0x2c3c320d49019d4f9a92352e947c7e5acfe47d68,317757.925058328,1.00004663099707,12.669048276960389,11.505914426531271,12.614336082998841,12.57342796341427,12.435272743464697,0.5014891446369071,0.99992696080223,0,0,12.217596791760425,12.23463719636147,12.593975258385116,12.809016076168879,13.245938766450164,1.1631338504291175,0.00015844157743254508,13.01672117808534,24.796693759878295,
2024-07-30,0x2c3c320d49019d4f9a92352e947c7e5acfe47d68,382912.384217825,1.00011227546617,12.855564091719522,12.669048276960389,13.01672117808534,13.855306667370405,12.412250302555297,0.4732512509103053,1.00004663099707,1,0,11.505914426531271,12.217596791760425,12.23463719636147,12.593975258385116,12.689173279971973,0.18651581475913304,0.00012991454963557378,12.855564091719522,26.227612243348883,
2024-07-31,0x2c3c320d49019d4f9a92352e947c7e5acfe47d68,255313.835002596,1.00027221451499,12.45025270965964,12.855564091719522,12.809016076168879,13.05700540387927,12.360998393053976,0.4414812708694126,1.00011227546617,2,0,12.669048276960389,11.505914426531271,12.217596791760425,12.23463719636147,12.891586318825794,-0.4053113820598817,0.0001231476932550015,12.855564091719522,27.998919113174072,
2024-08-01,0x2c3c320d49019d4f9a92352e947c7e5acfe47d68,579525.262281358,1.00050297088643,13.269966259598505,12.45025270965964,12.593975258385116,12.621341136253779,12.45756853608446,0.5591806640265921,1.00027221451499,3,0,12.855564091719522,12.669048276960389,11.505914426531271,12.217596791760425,12.609458730852577,0.8197135499388644,0.00019936815683690398,13.269966259598505,22.27825341165952,
2024-08-02,0x2c3c320d49019d4f9a92352e947c7e5acfe47d68,293781.725434005,1.00078494151043,12.59059574396813,13.269966259598505,12.23463719636147,12.796122533801068,12.508419757171126,0.5516633966366216,1.00050297088643,4,0,12.45025270965964,12.855564091719522,12.669048276960389,11.505914426531271,13.351440325500507,-0.6793705156303744,0.0003149814812027642,13.269966259598505,22.674007072849843,
2024-08-03,0x2c3c320d49019d4f9a92352e947c7e5acfe47d68,410563.542441231,1.00083004670406,12.925288424361334,12.59059574396813,12.217596791760425,13.327301043026443,12.609518561828398,0.5543238718602285,1.00078494151043,5,1,13.269966259598505,12.45025270965964,12.855564091719522,12.669048276960389,12.690021704819939,0.33469268039320355,0.00035974079158065974,13.269966259598505,22.747565461167547,0.5696486811460141
2024-08-04,0x2c3c320d49019d4f9a92352e947c7e5acfe47d68,326076.004752561,1.00052983259325,12.694888843352869,12.925288424361334,11.505914426531271,13.6364146621545,12.779372049945769,0.2680311782323954,1.00083004670406,6,1,12.59059574396813,13.269966259598505,12.45025270965964,12.855564091719522,12.737926643138124,-0.2303995810084647,0.00030915224052655515,13.269966259598505,47.678677287555935,-0.3151991762676389
2024-08-05,0x2c3c320d49019d4f9a92352e947c7e5acfe47d68,1219225.99995321,1.00098088473577,14.013727609300222,12.694888843352869,12.669048276960389,12.774545297733626,12.971469097422888,0.5298109187099065,1.00052983259325,0,0,12.925288424361334,12.59059574396813,13.269966259598505,12.45025270965964,12.614336082998841,1.318838765947353,0.00031274803621168904,14.013727609300222,24.483204553444295,1.9672273165212044
2024-08-06,0x2c3c320d49019d4f9a92352e947c7e5acfe47d68,398377.339439558,0.999624387323425,12.895157434337928,14.013727609300222,12.855564091719522,13.385252045043938,12.977125289225517,0.5285772112538131,1.00098088473577,1,0,12.694888843352869,12.925288424361334,12.59059574396813,13.269966259598505,13.01672117808534,-1.1185701749622936,0.00045474607058249093,14.013727609300222,24.551049521115544,-0.15507262353054518
2024-08-07,0x2c3c320d49019d4f9a92352e947c7e5acfe47d68,339424.963244174,0.999597432820888,12.735011126334895,12.895157434337928,12.45025270965964,13.283659510981986,13.017805063036269,0.4908842114548534,0.999624387323425,2,0,14.013727609300222,12.694888843352869,12.925288424361334,12.59059574396813,12.809016076168879,-0.16014630800303387,0.0005691121074602604,14.013727609300222,26.51909505187562,-0.5760909194110017
2024-08-08,0x2c3c320d49019d4f9a92352e947c7e5acfe47d68,196789.311651894,0.999649090641146,12.189894032977374,12.735011126334895,13.269966259598505,12.931439439680211,12.863509030661822,0.5628801529825449,0.999597432820888,3,0,12.895157434337928,14.013727609300222,12.694888843352869,12.925288424361334,12.593975258385116,-0.5451170933575202,0.0006330816247211622,14.013727609300222,22.85301580185707,-1.196728991269529
2024-08-09,0x2c3c320d49019d4f9a92352e947c7e5acfe47d68,222490.638918807,0.999668384044262,12.312644801989363,12.189894032977374,12.59059574396813,12.8957090322928,12.823801753236284,0.594269504089268,0.999649090641146,4,0,12.735011126334895,12.895157434337928,14.013727609300222,12.694888843352869,12.23463719636147,0.12275076901198823,0.0006268231193457652,14.013727609300222,21.579101173783197,-0.8601433318209321
2024-08-10,0x2c3c320d49019d4f9a92352e947c7e5acfe47d68,137015.258515447,0.999673536227929,11.82785487306414,12.312644801989363,12.925288424361334,12.489003159280227,12.667025531622398,0.6986292076878027,0.999668384044262,5,1,12.189894032977374,12.735011126334895,12.895157434337928,14.013727609300222,12.217596791760425,-0.4847899289252222,0.0005589826838640102,14.013727609300222,18.13125674139139,-1.201167442362719
2024-08-11,0x2c3c320d49019d4f9a92352e947c7e5acfe47d68,174530.682531468,0.999763938567376,12.06986156592919,11.82785487306414,12.694888843352869,12.442639298907965,12.577735920561874,0.733543524530684,0.999673536227929,6,1,12.312644801989363,12.189894032977374,12.735011126334895,12.895157434337928,11.505914426531271,0.24200669286504883,0.0005009121903083603,14.013727609300222,17.14654345644864,-0.6923574916125302
2024-08-12,0x2c3c320d49019d4f9a92352e947c7e5acfe47d68,274806.202561874,0.999725532186846,12.523825049182898,12.06986156592919,14.013727609300222,11.949333092322577,12.364892697687969,0.3768808838234251,0.999763938567376,0,0,11.82785487306414,12.312644801989363,12.189894032977374,12.735011126334895,12.669048276960389,0.45396348325370894,5.727926944987351e-05,12.895157434337928,32.8084899723413,0.42170446503565645
2024-08-13,0x2c3c320d49019d4f9a92352e947c7e5acfe47d68,242909.452887117,0.999715654074907,12.400448147770051,12.523825049182898,12.895157434337928,12.312866957503456,12.294219942463986,0.2992647195846848,0.999725532186846,1,0,12.06986156592919,11.82785487306414,12.312644801989363,12.189894032977374,12.855564091719522,-0.12337690141284696,5.504321961279506e-05,12.735011126334895,41.08142102258403,0.35496401130570976
2024-08-14,0x2c3c320d49019d4f9a92352e947c7e5acfe47d68,193605.523738986,0.999646165286052,12.173583150255777,12.400448147770051,12.735011126334895,13.245938766450164,12.214015945881256,0.2282483423487336,0.999715654074907,2,0,12.523825049182898,12.06986156592919,11.82785487306414,12.312644801989363,12.45025270965964,-0.2268649975142747,4.415753288069263e-05,12.523825049182898,53.511959036354526,-0.17714387412153995
2024-08-15,0x2c3c320d49019d4f9a92352e947c7e5acfe47d68,210722.560614602,0.999864148144303,12.258302414208124,12.173583150255777,12.189894032977374,12.689173279971973,12.223788571771363,0.22850774231481266,0.999646165286052,3,0,12.400448147770051,12.523825049182898,12.06986156592919,11.82785487306414,13.269966259598505,0.08471926395234775,7.415118097140273e-05,12.523825049182898,53.49397988857105,0.15104014457946544
2024-08-16,0x2c3c320d49019d4f9a92352e947c7e5acfe47d68,196523.686283448,0.999801865930382,12.188543332341885,12.258302414208124,12.312644801989363,12.891586318825794,12.206059790393153,0.22525591343205933,0.999864148144303,4,0,12.173583150255777,12.400448147770051,12.523825049182898,12.06986156592919,12.59059574396813,-0.06975908186623947,7.507868151091869e-05,12.523825049182898,54.18752211392972,-0.07776247817151982
2024-08-17,0x2c3c320d49019d4f9a92352e947c7e5acfe47d68,96054.6060386501,0.999682594258354,11.472682532330548,12.188543332341885,11.82785487306414,12.609458730852577,12.155320884574067,0.33695290136313766,0.999801865930382,5,1,12.258302414208124,12.173583150255777,12.400448147770051,12.523825049182898,12.925288424361334,-0.7158608000113365,7.377788789590091e-05,12.523825049182898,36.07424312240645,-2.0259162318587394
2024-08-18,0x2c3c320d49019d4f9a92352e947c7e5acfe47d68,114822.236390709,0.999814209923445,11.651149149970525,11.472682532330548,12.06986156592919,13.351440325500507,12.0955048251514,0.38795696979994265,0.999682594258354,6,1,12.188543332341885,12.258302414208124,12.173583150255777,12.400448147770051,12.694888843352869,0.17846661763997673,7.847110085206041e-05,12.523825049182898,31.17743916648456,-1.1453736104032248
2024-08-19,0x2c3c320d49019d4f9a92352e947c7e5acfe47d68,152272.636746003,0.99974064275427,11.933434423085416,11.651149149970525,12.523825049182898,12.690021704819939,12.011163307137476,0.3406067678382465,0.999814209923445,0,0,11.472682532330548,12.188543332341885,12.258302414208124,12.173583150255777,14.013727609300222,0.2822852731148906,7.789075107677388e-05,12.400448147770051,35.2640183381252,-0.22820710388517007
2024-08-20,0x2c3c320d49019d4f9a92352e947c7e5acfe47d68,408582.461197122,0.999621868377707,12.920451483789531,11.933434423085416,12.400448147770051,12.737926643138124,12.085449497997402,0.4712945037816685,0.99974064275427,1,0,11.651149149970525,11.472682532330548,12.188543332341885,12.258302414208124,12.895157434337928,0.9870170607041153,9.200797020287266e-05,12.920451483789531,25.643094500410506,1.7717201857692857
2024-08-21,0x2c3c320d49019d4f9a92352e947c7e5acfe47d68,247380.957791943,0.999750826817732,12.418688809005305,12.920451483789531,12.173583150255777,12.614336082998841,12.120464592104478,0.48775156856098145,0.999621868377707,2,0,11.933434423085416,11.651149149970525,11.472682532330548,12.188543332341885,12.735011126334895,-0.5017626747842261,8.245659551588931e-05,12.920451483789531,24.84966809612445,0.6114264640515085
2024-08-22,0x2c3c320d49019d4f9a92352e947c7e5acfe47d68,487379.590059316,0.999584637692893,13.096800595948418,12.418688809005305,12.258302414208124,13.01672117808534,12.240250046638803,0.6138949960669036,0.999750826817732,3,0,12.920451483789531,11.933434423085416,11.651149149970525,11.472682532330548,12.189894032977374,0.6781117869431128,8.759509335474878e-05,13.096800595948418,19.938670497494712,1.3952720820292364
2024-08-23,0x2c3c320d49019d4f9a92352e947c7e5acfe47d68,664014.77004832,0.999708488887125,13.406061178249313,13.096800595948418,12.188543332341885,12.809016076168879,12.414181167482722,0.753423316588285,0.999584637692893,4,0,12.418688809005305,12.920451483789531,11.933434423085416,11.651149149970525,12.312644801989363,0.3092605823008956,7.8597723131305e-05,13.406061178249313,16.47703342086314,1.3164976301212676
2024-08-24,0x2c3c320d49019d4f9a92352e947c7e5acfe47d68,206516.319507904,0.999369536716568,12.238139559575167,13.406061178249313,11.472682532330548,12.593975258385116,12.52353217137481,0.6411899922837702,0.999708488887125,5,1,13.096800595948418,12.418688809005305,12.920451483789531,11.933434423085416,11.82785487306414,-1.1679216186741463,0.0001484701353265627,13.406061178249313,19.531702493934585,-0.4450983565466094
2024-08-25,0x2c3c320d49019d4f9a92352e947c7e5acfe47d68,257671.204550426,0.999471507271933,12.459443531104226,12.238139559575167,11.651149149970525,12.23463719636147,12.639002797251054,0.519048584258525,0.999369536716568,6,1,13.406061178249313,13.096800595948418,12.418688809005305,12.920451483789531,12.06986156592919,0.22130397152905878,0.00014394121917486074,13.406061178249313,24.35032708027942,-0.3459392272562115
2024-08-26,0x2c3c320d49019d4f9a92352e947c7e5acfe47d68,244094.219761243,0.999601982059096,12.40531367307272,12.459443531104226,11.933434423085416,12.217596791760425,12.706414118677811,0.4361655781286239,0.999471507271933,0,0,12.238139559575167,13.406061178249313,13.096800595948418,12.418688809005305,12.523825049182898,-0.05412985803150505,0.00013144927337797112,13.406061178249313,29.132088261515054,-0.6903351862312562
2024-08-27,0x2c3c320d49019d4f9a92352e947c7e5acfe47d68,308206.885531999,0.999841041131327,12.63852978730333,12.40531367307272,12.920451483789531,11.505914426531271,12.666139590608354,0.42600557405768946,0.999601982059096,1,0,12.459443531104226,12.238139559575167,13.406061178249313,13.096800595948418,12.400448147770051,0.2332161142306095,0.00016337161410862814,13.406061178249313,29.732333006734585,-0.06481089682006129
2024-08-28,0x2c3c320d49019d4f9a92352e947c7e5acfe47d68,1242231.21926028,0.99937996545944,14.032420496027681,12.63852978730333,12.418688809005305,12.669048276960389,12.896672688754407,0.6483771475230946,0.999841041131327,2,0,12.40531367307272,12.459443531104226,12.238139559575167,13.406061178249313,12.173583150255777,1.393890708724351,0.00017307271069958647,14.032420496027681,19.89069592909278,1.7516777258606566
2024-08-29,0x2c3c320d49019d4f9a92352e947c7e5acfe47d68,455755.121865577,0.999739453442346,13.029713124958818,14.032420496027681,13.096800595948418,12.855564091719522,12.887088764327322,0.6454150047006895,0.99937996545944,3,0,12.63852978730333,12.40531367307272,12.459443531104226,12.238139559575167,12.258302414208124,-1.0027073710688637,0.00018540669117608394,14.032420496027681,19.967135363243834,0.22098085664686043
2024-08-30,0x2c3c320d49019d4f9a92352e947c7e5acfe47d68,1487441.18140056,0.999939655477717,14.212568545999796,13.029713124958818,13.406061178249313,12.45025270965964,13.002304102577392,0.8056059247331264,0.999739453442346,4,0,14.032420496027681,12.63852978730333,12.40531367307272,12.459443531104226,12.188543332341885,1.182855421040978,0.00022657952785013795,14.212568545999796,16.139782123480128,1.5023033052088461
2024-08-31,0x2c3c320d49019d4f9a92352e947c7e5acfe47d68,403481.949431093,1.00007198420841,12.907889509122953,14.212568545999796,12.238139559575167,13.269966259598505,13.097982666798503,0.7365337046945162,0.999939655477717,5,1,13.029713124958818,14.032420496027681,12.63852978730333,12.40531367307272,11.472682532330548,-1.304679036876843,0.00025115290837469305,14.212568545999796,17.78327669638826,-0.2580915937233224
2024-09-01,0x2c3c320d49019d4f9a92352e947c7e5acfe47d68,161903.480891093,1.00010678440602,11.994761816188799,12.907889509122953,12.459443531104226,12.59059574396813,13.031599564667728,0.8198992206945764,1.00007198420841,6,1,14.212568545999796,13.029713124958818,14.032420496027681,12.63852978730333,11.651149149970525,-0.9131276929341539,0.000260656837864405,14.212568545999796,15.894148007151449,-1.264591698965852
2024-09-02,0x2c3c320d49019d4f9a92352e947c7e5acfe47d68,313464.313229916,1.0000883312712,12.655443989328923,11.994761816188799,12.40531367307272,12.925288424361334,13.067332466990043,0.7930667804229272,1.00010678440602,0,0,12.907889509122953,14.212568545999796,13.029713124958818,14.032420496027681,11.933434423085416,0.660682173140124,0.0002603036785263515,14.212568545999796,16.476963591920327,-0.5193616575913919
2024-09-03,0x2c3c320d49019d4f9a92352e947c7e5acfe47d68,997033.129784482,1.00010917836115,13.812540280839984,12.655443989328923,12.63852978730333,12.694888843352869,13.235048251780995,0.8112020263886714,1.0000883312712,1,0,11.994761816188799,12.907889509122953,14.212568545999796,13.029713124958818,12.920451483789531,1.1570962915110616,0.00027286416033591956,14.212568545999796,16.31535403172142,0.7118966795853386
2024-09-04,0x2c3c320d49019d4f9a92352e947c7e5acfe47d68,1495268.76818343,1.00018799905354,14.21781719547377,13.812540280839984,14.032420496027681,14.013727609300222,13.261533494559007,0.8439405972282121,1.00010917836115,2,0,12.655443989328923,11.994761816188799,12.907889509122953,14.212568545999796,12.418688809005305,0.40527691463378623,0.00014984112162919286,14.21781719547377,15.713823387705713,1.1331173118766062
2024-09-05,0x2c3c320d49019d4f9a92352e947c7e5acfe47d68,736310.105590189,1.00007661488575,13.509408006212217,14.21781719547377,13.029713124958818,12.895157434337928,13.330061334738064,0.8414514271491429,1.00018799905354,3,0,13.812540280839984,12.655443989328923,11.994761816188799,12.907889509122953,13.096800595948418,-0.7084091892615536,7.417767908719834e-05,14.21781719547377,15.84174784740769,0.21313966045762736
2024-09-06,0x2c3c320d49019d4f9a92352e947c7e5acfe47d68,2859341.97766778,1.00036345081251,14.866102428316307,13.509408006212217,14.212568545999796,12.735011126334895,13.423423317926137,0.9804617168632334,1.00007661488575,4,0,14.21781719547377,13.812540280839984,12.655443989328923,11.994761816188799,13.406061178249313,1.3566944221040895,0.00010449581131751914,14.866102428316307,13.690920397046566,1.4714282929941451
2024-09-07,0x2c3c320d49019d4f9a92352e947c7e5acfe47d68,1601291.35238954,1.00024163119887,14.286321581423026,14.866102428316307,12.907889509122953,12.189894032977374,13.620342185397575,0.9979320360934403,1.00036345081251,5,1,13.509408006212217,14.21781719547377,13.812540280839984,12.655443989328923,12.238139559575167,-0.5797808468932804,0.00010482337377477214,14.866102428316307,13.648566929183392,0.6673594713248553
2024-09-08,0x2c3c320d49019d4f9a92352e947c7e5acfe47d68,230361.293102066,1.00014086037222,12.347408535999202,14.286321581423026,11.994761816188799,12.312644801989363,13.670720288227633,0.9069447758151198,1.00024163119887,6,1,14.866102428316307,13.509408006212217,14.21781719547377,13.812540280839984,12.459443531104226,-1.9389130454238241,0.00010228272613627872,14.866102428316307,15.07337673999062,-1.4590874632241069
2024-09-09,0x2c3c320d49019d4f9a92352e947c7e5acfe47d68,1415756.90679745,1.00000192060863,14.163175568842991,12.347408535999202,12.655443989328923,11.82785487306414,13.8861105138725,0.798150837190471,1.00014086037222,0,0,14.286321581423026,14.866102428316307,13.509408006212217,14.21781719547377,12.40531367307272,1.8157670328437892,0.00011813183094507493,14.866102428316307,17.39785246953104,0.3471337021280065
2024-09-10,0x2c3c320d49019d4f9a92352e947c7e5acfe47d68,326696.937587221,0.99994229408915,12.696791284704897,14.163175568842991,13.812540280839984,12.06986156592919,13.726717800138914,0.9177412437416623,1.00000192060863,1,0,12.347408535999202,14.286321581423026,14.866102428316307,13.509408006212217,12.63852978730333,-1.466384284138094,0.00014413194477152906,14.866102428316307,14.957067576231637,-1.1222406342282074
2024-09-11,0x2c3c320d49019d4f9a92352e947c7e5acfe47d68,1673676.81210563,0.999975122138682,14.330534045620901,12.696791284704897,14.21781719547377,12.523825049182898,13.74282020730279,0.9287172490754261,0.99994229408915,2,0,14.163175568842991,12.347408535999202,14.286321581423026,14.866102428316307,14.032420496027681,1.6337427609160038,0.00015357768468455857,14.866102428316307,14.79763643992216,0.6328232181573066
2024-09-12,0x2c3c320d49019d4f9a92352e947c7e5acfe47d68,833203.063050997,1.0000015358335,13.633033864798492,14.330534045620901,13.509408006212217,12.400448147770051,13.760481044243688,0.9247056127613189,0.999975122138682,3,0,12.696791284704897,14.163175568842991,12.347408535999202,14.286321581423026,13.029713124958818,-0.6975001808224093,0.0001585130755334939,14.866102428316307,14.88093167635556,-0.1378245981060069
2024-09-13,0x2c3c320d49019d4f9a92352e947c7e5acfe47d68,2609227.41302785,0.999951042490714,14.774565108400148,13.633033864798492,14.866102428316307,12.173583150255777,13.747404284255666,0.9069411644210681,1.0000015358335,4,0,14.330534045620901,12.696791284704897,14.163175568842991,12.347408535999202,14.212568545999796,1.1415312436016567,0.00011205127839036945,14.774565108400148,15.157989099580798,1.1325550812330427
2024-09-14,0x2c3c320d49019d4f9a92352e947c7e5acfe47d68,1088438.96674335,0.999517978809277,13.900256005855915,14.774565108400148,14.286321581423026,12.258302414208124,13.692252059174649,0.8800466914146214,0.999951042490714,5,1,13.633033864798492,14.330534045620901,12.696791284704897,14.163175568842991,12.907889509122953,-0.8743091025442329,0.00019454301639562884,14.774565108400148,15.558551827704946,0.23635558057370168
2024-09-15,0x2c3c320d49019d4f9a92352e947c7e5acfe47d68,1723336.50545645,0.999696289621069,14.359773378774761,13.900256005855915,12.347408535999202,12.188543332341885,13.97973275099973,0.6714856225200803,0.999517978809277,6,1,14.774565108400148,13.633033864798492,14.330534045620901,12.696791284704897,11.994761816188799,0.459517372918846,0.00018781277951875105,14.774565108400148,20.81910957160021,0.5659698659648869
2024-09-16,0x2c3c320d49019d4f9a92352e947c7e5acfe47d68,1176402.28237875,0.999929701250059,13.977972275847433,14.359773378774761,14.163175568842991,11.472682532330548,13.95327513771465,0.6666845133765,0.999696289621069,0,0,13.900256005855915,14.774565108400148,13.633033864798492,14.330534045620901,12.655443989328923,-0.3818011029273283,0.00018119013686600433,14.774565108400148,20.929352426452343,0.037044715509739964
2024-09-17,0x2c3c320d49019d4f9a92352e947c7e5acfe47d68,2473853.4260842,0.999912363420915,14.721287988685232,13.977972275847433,12.696791284704897,11.651149149970525,14.242488952568982,0.42669057753050976,0.999929701250059,1,0,14.359773378774761,13.900256005855915,14.774565108400148,13.633033864798492,13.812540280839984,0.7433157128377985,0.0001792434152652064,14.774565108400148,33.37896288921589,1.1221223559407925
2024-09-18,0x2c3c320d49019d4f9a92352e947c7e5acfe47d68,1157431.79715876,0.999848054668139,13.961715004646917,14.721287988685232,14.330534045620901,11.933434423085416,14.189800518144128,0.43666132324074397,0.999912363420915,2,0,13.977972275847433,14.359773378774761,13.900256005855915,14.774565108400148,14.21781719547377,-0.7595729840383143,0.0001712923635005213,14.774565108400148,32.49612402773049,-0.5223396288099292
2024-09-19,0x2c3c320d49019d4f9a92352e947c7e5acfe47d68,3479294.95162653,0.999779247492414,15.062340518531675,13.961715004646917,13.633033864798492,12.920451483789531,14.393987182963155,0.4661062566009543,0.999848054668139,3,0,14.721287988685232,13.977972275847433,14.359773378774761,13.900256005855915,13.509408006212217,1.1006255138847578,0.00015552154549956798,15.062340518531675,30.881342996616805,1.4339076682696168
2024-09-20,0x2c3c320d49019d4f9a92352e947c7e5acfe47d68,2276928.06039539,0.999874752675799,14.638338189705653,15.062340518531675,14.774565108400148,12.418688809005305,14.374526194578225,0.4501383123254166,0.999779247492414,4,0,13.961715004646917,14.721287988685232,13.977972275847433,14.359773378774761,14.866102428316307,-0.4240023288260222,0.00014595676376863775,15.062340518531675,31.933576416367128,0.5860687435481472
2024-09-21,0x2c3c320d49019d4f9a92352e947c7e5acfe47d68,411327.478946756,0.999927238089765,12.927147393121608,14.638338189705653,13.900256005855915,13.096800595948418,14.235510678473327,0.7012421108657788,0.999874752675799,5,1,15.062340518531675,13.961715004646917,14.721287988685232,13.977972275847433,14.286321581423026,-1.7111907965840452,8.699808048940149e-05,15.062340518531675,20.300421862711087,-1.8657796859010554
2024-09-22,0x2c3c320d49019d4f9a92352e947c7e5acfe47d68,1967556.49691843,0.999912088717516,14.492303482185166,12.927147393121608,14.359773378774761,13.406061178249313,14.254443550389098,0.7069223363977228,0.999927238089765,6,1,14.638338189705653,15.062340518531675,13.961715004646917,14.721287988685232,12.347408535999202,1.5651560890635583,5.4618833450987775e-05,15.062340518531675,20.164087080662537,0.3364725084344346
2024-09-23,0x2c3c320d49019d4f9a92352e947c7e5acfe47d68,625370.787382309,1.00000817437195,13.34610161167127,14.492303482185166,13.977972275847433,12.238139559575167,14.164176312649646,0.7842243121615229,0.999912088717516,0,0,12.927147393121608,14.638338189705653,15.062340518531675,13.961715004646917,14.163175568842991,-1.146201870513897,7.124178454563975e-05,15.062340518531675,18.061383832400644,-1.0431641665425624
2024-09-24,0x2c3c320d49019d4f9a92352e947c7e5acfe47d68,723134.927882797,1.00004120191714,13.491352488840503,13.34610161167127,14.721287988685232,12.459443531104226,13.988471241243257,0.7763439104971219,1.00000817437195,1,0,14.492303482185166,12.927147393121608,14.638338189705653,15.062340518531675,12.696791284704897,0.14525087716923402,9.061633878416531e-05,15.062340518531675,18.018395007807708,-0.6403331637964869
2024-09-25,0x2c3c320d49019d4f9a92352e947c7e5acfe47d68,443464.491604865,1.00008090727272,13.0023752684708,13.491352488840503,13.961715004646917,12.40531367307272,13.851422707503811,0.8618248537566581,1.00004120191714,2,0,13.34610161167127,14.492303482185166,12.927147393121608,14.638338189705653,14.330534045620901,-0.48897722036970315,0.00010449339978442097,15.062340518531675,16.072201500253847,-0.9851740006476446
2024-09-26,0x2c3c320d49019d4f9a92352e947c7e5acfe47d68,1665544.53699983,1.0000000385691,14.325663277580938,13.0023752684708,15.062340518531675,12.63852978730333,13.746183101653704,0.7231305808868219,1.00008090727272,3,0,13.491352488840503,13.34610161167127,14.492303482185166,12.927147393121608,13.633033864798492,1.3232880091101382,7.479003279177667e-05,14.638338189705653,19.00926812526151,0.8013492877269656
2024-09-27,0x2c3c320d49019d4f9a92352e947c7e5acfe47d68,1499714.41251365,0.999745207224683,14.220785923081475,14.325663277580938,14.638338189705653,14.032420496027681,13.686532777850251,0.6508849144489751,1.0000000385691,4,0,13.0023752684708,13.491352488840503,13.34610161167127,14.492303482185166,14.774565108400148,-0.10487735449946278,0.0001115326314655534,14.492303482185166,21.027577186109728,0.8208104587636966
2024-09-28,0x2c3c320d49019d4f9a92352e947c7e5acfe47d68,920325.845910075,0.999758217735363,13.7324841532263,14.220785923081475,12.927147393121608,13.029713124958818,13.801580886436636,0.5589722602654877,0.999745207224683,5,1,14.325663277580938,13.0023752684708,13.491352488840503,13.34610161167127,13.900256005855915,-0.48830176985517504,0.0001353700959977177,14.492303482185166,24.690994289916066,-0.1236138859154099
2024-09-29,0x2c3c320d49019d4f9a92352e947c7e5acfe47d68,555932.639079273,0.999781057953927,13.228404211935473,13.7324841532263,14.492303482185166,14.212568545999796,13.621023847829537,0.4996545161506617,0.999758217735363,6,1,14.220785923081475,14.325663277580938,13.0023752684708,13.491352488840503,14.359773378774761,-0.5040799412908274,0.00014759300541768915,14.325663277580938,27.26088408599987,-0.7857822219216878
2024-09-30,0x2c3c320d49019d4f9a92352e947c7e5acfe47d68,2708069.52033139,0.999966007348227,14.81174695415654,13.228404211935473,13.34610161167127,12.907889509122953,13.83040175389886,0.6497811606245412,0.999781057953927,0,0,13.7324841532263,14.220785923081475,14.325663277580938,13.0023752684708,13.977972275847433,1.5833427422210669,0.00014404083775680646,14.81174695415654,21.28470720912512,1.5102703182629476
2024-10-01,0x2c3c320d49019d4f9a92352e947c7e5acfe47d68,4918416.16428959,1.00024741295625,15.408497322131968,14.81174695415654,13.491352488840503,11.994761816188799,14.104279587226213,0.8547573813115259,0.999966007348227,1,0,13.228404211935473,13.7324841532263,14.220785923081475,14.325663277580938,14.721287988685232,0.596750367975428,0.00018924851340031712,15.408497322131968,16.50091581026751,1.5258338370878968
2024-10-02,0x2c3c320d49019d4f9a92352e947c7e5acfe47d68,1429863.24222031,1.00017967648583,14.173090062219156,15.408497322131968,13.0023752684708,12.655443989328923,14.271524557761692,0.704557388013952,1.00024741295625,2,0,14.81174695415654,13.228404211935473,13.7324841532263,14.220785923081475,13.961715004646917,-1.2354072599128116,0.0002045803892793195,15.408497322131968,20.256014343971483,-0.13971111114172324
2024-10-03,0x2c3c320d49019d4f9a92352e947c7e5acfe47d68,388453.617370519,1.00010918654023,12.869931626961336,14.173090062219156,14.325663277580938,13.812540280839984,14.063562893387465,0.879128549926102,1.00017967648583,3,0,15.408497322131968,14.81174695415654,13.228404211935473,13.7324841532263,15.062340518531675,-1.3031584352578207,0.0002126782129571199,15.408497322131968,15.997163207325736,-1.3577437185113328
2024-10-04,0x2c3c320d49019d4f9a92352e947c7e5acfe47d68,1472922.27782717,1.00013176702924,14.202759608431215,12.869931626961336,14.220785923081475,14.21781719547377,14.060987705580285,0.8786174999241835,1.00010918654023,4,0,14.173090062219156,15.408497322131968,14.81174695415654,13.228404211935473,14.638338189705653,1.3328279814698796,0.00019409582757699584,15.408497322131968,16.00353704176575,0.16135793205025553
2024-10-05,0x2c3c320d49019d4f9a92352e947c7e5acfe47d68,551882.195338252,1.00000909881489,13.22109170022014,14.202759608431215,13.7324841532263,13.509408006212217,13.987931640865119,0.9302296009415464,1.00013176702924,5,1,12.869931626961336,14.173090062219156,15.408497322131968,14.81174695415654,12.927147393121608,-0.981667908211076,0.00015612366113548084,15.408497322131968,15.037074316606368,-0.8243555568096479
2024-10-06,0x2c3c320d49019d4f9a92352e947c7e5acfe47d68,305093.155041459,1.00003825527441,12.628375713003912,13.22109170022014,13.228404211935473,14.866102428316307,13.902213283874895,1.033766544520373,1.00000909881489,6,1,14.202759608431215,12.869931626961336,14.173090062219156,15.408497322131968,14.492303482185166,-0.5927159872162271,9.929126081084374e-05,15.408497322131968,13.448116847624407,-1.2322294406054748
2024-10-07,0x2c3c320d49019d4f9a92352e947c7e5acfe47d68,1419206.39278884,1.0001292860033,14.165609099647927,12.628375713003912,14.81174695415654,14.286321581423026,13.80990787608795,0.965619270352908,1.00003825527441,0,0,13.22109170022014,14.202759608431215,12.869931626961336,14.173090062219156,13.34610161167127,1.537233386644015,8.074146816051706e-05,15.408497322131968,14.301607579808136,0.36836591240560174
2024-10-08,0x2c3c320d49019d4f9a92352e947c7e5acfe47d68,1682425.63453161,1.00032510777322,14.335747734517074,14.165609099647927,15.408497322131968,12.347408535999202,13.65665793500011,0.7247003955965465,1.0001292860033,1,0,12.628375713003912,13.22109170022014,14.202759608431215,12.869931626961336,13.491352488840503,0.17013863486914715,0.00010326659058108558,14.335747734517074,18.84455703071399,0.9370628243661632
2024-10-09,0x2c3c320d49019d4f9a92352e947c7e5acfe47d68,982989.969445736,1.00059724597649,13.798355212358455,14.335747734517074,14.173090062219156,14.163175568842991,13.603124385020008,0.6933564583290016,1.00032510777322,2,0,14.165609099647927,12.628375713003912,13.22109170022014,14.202759608431215,13.0023752684708,-0.5373925221586191,0.00020552738826946836,14.335747734517074,19.61923657248931,0.2815735326226846
2024-10-10,0x2c3c320d49019d4f9a92352e947c7e5acfe47d68,1986840.26183549,1.00100186371502,14.502056629986136,13.798355212358455,12.869931626961336,12.696791284704897,13.836285099737838,0.6800023527159397,1.00059724597649,3,0,14.335747734517074,14.165609099647927,12.628375713003912,13.22109170022014,14.325663277580938,0.7037014176276806,0.00036278204954824194,14.502056629986136,20.347407688334467,0.9790723923074788
2024-10-11,0x2c3c320d49019d4f9a92352e947c7e5acfe47d68,2866047.21308544,1.00047745567352,14.868444709659128,14.502056629986136,14.202759608431215,14.330534045620901,13.931382971341824,0.7791195732728109,1.00100186371502,4,0,13.798355212358455,14.335747734517074,14.165609099647927,12.628375713003912,14.220785923081475,0.36638807967299236,0.0003565301453018078,14.868444709659128,17.880930539096738,1.2027187744508134
2024-10-12,0x2c3c320d49019d4f9a92352e947c7e5acfe47d68,1033963.18136773,1.00015942820467,13.848910692606916,14.868444709659128,13.22109170022014,13.633033864798492,14.021071398825649,0.7174194200393129,1.00047745567352,5,1,14.502056629986136,13.798355212358455,14.335747734517074,14.165609099647927,13.7324841532263,-1.0195340170522122,0.00033517329500375116,14.868444709659128,19.54375781750838,-0.23997218560002667
2024-10-13,0x2c3c320d49019d4f9a92352e947c7e5acfe47d68,277574.997053046,1.00019337045885,12.53385003792915,13.848910692606916,12.628375713003912,14.774565108400148,14.007567730957827,0.748230513186102,1.00015942820467,6,1,14.868444709659128,14.502056629986136,13.798355212358455,14.335747734517074,13.228404211935473,-1.3150606546777652,0.00031241227088116773,14.868444709659128,18.720925549148014,-1.9696038414062238
2024-10-14,0x2c3c320d49019d4f9a92352e947c7e5acfe47d68,3960622.76507465,1.0003530329381,15.191912087259245,12.53385003792915,14.165609099647927,13.900256005855915,14.15418244347373,0.8742917865124863,1.00019337045885,0,0,13.848910692606916,14.868444709659128,14.502056629986136,13.798355212358455,14.81174695415654,2.658062049330095,0.00028925828781824214,15.191912087259245,16.18931192289267,1.1869374272918507
2024-10-15,0x2c3c320d49019d4f9a92352e947c7e5acfe47d68,2945522.06318685,1.00019855552993,14.895796969886693,15.191912087259245,14.335747734517074,14.359773378774761,14.23418947709796,0.9181988746679375,1.0003530329381,1,0,12.53385003792915,13.848910692606916,14.868444709659128,14.502056629986136,15.408497322131968,-0.2961151173725529,0.0003016134216990243,15.191912087259245,15.502294622442976,0.7205492307186784
2024-10-16,0x2c3c320d49019d4f9a92352e947c7e5acfe47d68,1254748.59097649,1.00013778866389,14.042446581537043,14.895796969886693,13.798355212358455,13.977972275847433,14.269059672694903,0.9034044275719006,1.00019855552993,2,0,15.191912087259245,12.53385003792915,13.848910692606916,14.868444709659128,14.173090062219156,-0.85335038834965,0.0003080231940298368,15.191912087259245,15.794763936508657,-0.2508434586345069
2024-10-17,0x2c3c320d49019d4f9a92352e947c7e5acfe47d68,1151731.10187526,1.00016787987611,13.95677754273842,14.042446581537043,14.502056629986136,14.721287988685232,14.191162660230942,0.903474247305606,1.00013778866389,3,0,14.895796969886693,15.191912087259245,12.53385003792915,13.848910692606916,12.869931626961336,-0.08566903879862231,0.00012595357864981865,15.191912087259245,15.707323924896212,-0.2594264509381659
2024-10-18,0x2c3c320d49019d4f9a92352e947c7e5acfe47d68,2393567.37235902,1.00019283273253,14.68829585325547,13.95677754273842,14.868444709659128,13.961715004646917,14.165427109316132,0.8833070908362396,1.00016787987611,4,0,14.042446581537043,14.895796969886693,15.191912087259245,12.53385003792915,14.202759608431215,0.7315183105170497,7.078526048585502e-05,15.191912087259245,16.0368090059206,0.5919444657059548
2024-10-19,0x2c3c320d49019d4f9a92352e947c7e5acfe47d68,400624.14782141,0.999989008838504,12.900781475634002,14.68829585325547,13.848910692606916,15.062340518531675,14.029980078320005,1.004333373407012,1.00019283273253,5,1,13.95677754273842,14.042446581537043,14.895796969886693,15.191912087259245,13.22109170022014,-1.7875143776214681,0.00010718068272557132,15.191912087259245,13.969445255738082,-1.1243264762331038
2024-10-20,0x2c3c320d49019d4f9a92352e947c7e5acfe47d68,1540294.33200283,1.00010456728887,14.247484730031335,12.900781475634002,12.53385003792915,14.638338189705653,14.2747850343346,0.757353952913875,0.999989008838504,6,1,14.68829585325547,13.95677754273842,14.042446581537043,14.895796969886693,12.628375713003912,1.3467032543973332,0.00011000940914739386,15.191912087259245,18.84823467206212,-0.03604695558560118
2024-10-21,0x2c3c320d49019d4f9a92352e947c7e5acfe47d68,3882402.53172361,1.00035429612657,15.171964986748089,14.247484730031335,15.191912087259245,12.927147393121608,14.271935448547294,0.7533550573709077,1.00010456728887,0,0,12.900781475634002,14.68829585325547,13.95677754273842,14.042446581537043,14.165609099647927,0.9244802567167536,0.00011037279329097785,15.171964986748089,18.944500748895397,1.1946950238069283
2024-10-22,0x2c3c320d49019d4f9a92352e947c7e5acfe47d68,2112596.84930039,1.00045703749176,14.563428956336216,15.171964986748089,14.895796969886693,14.492303482185166,14.224454303754367,0.7170828762304016,1.00035429612657,1,0,14.247484730031335,12.900781475634002,14.68829585325547,13.95677754273842,14.335747734517074,-0.608536030411873,0.00015729584636442744,15.171964986748089,19.83655554366354,0.4727133554824112
2024-10-23,0x2c3c320d49019d4f9a92352e947c7e5acfe47d68,3358384.18631834,1.00072043675973,15.026970817104505,14.563428956336216,14.042446581537043,13.34610161167127,14.36510062312115,0.7700306640528639,1.00045703749176,2,0,15.171964986748089,14.247484730031335,12.900781475634002,14.68829585325547,13.798355212358455,0.46354186076828974,0.0002471070156412202,15.171964986748089,18.655231919614778,0.8595374507552439
2024-10-24,0x2c3c320d49019d4f9a92352e947c7e5acfe47d68,2002036.96508428,1.00079264526117,14.509676202256058,15.026970817104505,13.95677754273842,13.491352488840503,14.444086145909381,0.749242585540915,1.00072043675973,3,0,14.563428956336216,15.171964986748089,14.247484730031335,12.900781475634002,14.502056629986136,-0.5172946148484474,0.00030446459961566864,15.171964986748089,19.278250361972532,0.08754181571156305
2024-10-25,0x2c3c320d49019d4f9a92352e947c7e5acfe47d68,7434561.03274003,1.00095285083006,15.821650229986687,14.509676202256058,14.68829585325547,13.0023752684708,14.605993914013842,0.914943737696289,1.00079264526117,4,0,15.026970817104505,14.563428956336216,15.171964986748089,14.247484730031335,14.868444709659128,1.3119740277306295,0.0003599719409260182,15.821650229986687,15.963816475524345,1.3286678359411748
2024-10-26,0x2c3c320d49019d4f9a92352e947c7e5acfe47d68,2029675.30694841,1.00122343641286,14.5233868835985,15.821650229986687,12.900781475634002,14.325663277580938,14.837794686580198,0.5393955773564445,1.00095285083006,5,1,14.509676202256058,15.026970817104505,14.563428956336216,15.171964986748089,13.848910692606916,-1.2982633463881879,0.0003802614684668781,15.821650229986687,27.50818751480985,-0.5828891006533757
2024-10-27,0x2c3c320d49019d4f9a92352e947c7e5acfe47d68,817141.634102459,1.0012131393568,13.613568941349094,14.5233868835985,14.247484730031335,14.220785923081475,14.747235288197022,0.6878155434983301,1.00122343641286,6,1,15.821650229986687,14.509676202256058,15.026970817104505,14.563428956336216,12.53385003792915,-0.9098179422494059,0.0003401357792294281,15.821650229986687,21.440683374485015,-1.6482127476822523
2024-10-28,0x2c3c320d49019d4f9a92352e947c7e5acfe47d68,3530407.38270557,1.00089130007891,15.076924111369726,13.613568941349094,15.171964986748089,13.7324841532263,14.733658020285826,0.6789146165183579,1.0012131393568,0,0,14.5233868835985,15.821650229986687,14.509676202256058,15.026970817104505,15.191912087259245,1.4633551700206322,0.00027238908844146156,15.821650229986687,21.701783496492784,0.5056101057954216
2024-10-29,0x2c3c320d49019d4f9a92352e947c7e5acfe47d68,5719542.35837902,1.00042797582473,15.55939952771798,15.076924111369726,14.563428956336216,13.228404211935473,14.875939530483222,0.7389985616820047,1.00089130007891,1,0,13.613568941349094,14.5233868835985,15.821650229986687,14.509676202256058,14.895796969886693,0.4824754163482545,0.0002802490370264814,15.821650229986687,20.12986263007698,0.9248461805922511
2024-10-30,0x2c3c320d49019d4f9a92352e947c7e5acfe47d68,1798351.70455154,1.00023544776138,14.402381639709994,15.55939952771798,15.026970817104505,14.81174695415654,14.786712505141148,0.7552515736520918,1.00042797582473,2,0,15.076924111369726,13.613568941349094,14.5233868835985,15.821650229986687,14.042446581537043,-1.1570178880079869,0.0003733147969744302,15.821650229986687,19.578525912416936,-0.5088779405949364
2024-10-31,0x2c3c320d49019d4f9a92352e947c7e5acfe47d68,4522340.33171298,1.00052734105305,15.324540411437777,14.402381639709994,14.509676202256058,15.408497322131968,14.903121677881392,0.7681234397556678,1.00023544776138,3,0,15.55939952771798,15.076924111369726,13.613568941349094,14.5233868835985,13.95677754273842,0.9221587717277835,0.000389612309731777,15.821650229986687,19.401987892235034,0.5486341279865583
2024-11-01,0x2c3c320d49019d4f9a92352e947c7e5acfe47d68,5838063.19198812,1.00065410644433,15.579909825880131,15.324540411437777,15.821650229986687,14.173090062219156,14.868587334437601,0.7241179533648423,1.00052734105305,4,0,14.402381639709994,15.55939952771798,15.076924111369726,13.613568941349094,14.68829585325547,0.25536941444235417,0.0003840549858407388,15.579909825880131,20.533377560031518,0.9823295888979915
2024-11-02,0x2c3c320d49019d4f9a92352e947c7e5acfe47d68,1650548.63112562,1.00034504220618,14.316618900181124,15.579909825880131,14.5233868835985,12.869931626961336,14.83904905109226,0.74447734375498,1.00065410644433,5,1,15.324540411437777,14.402381639709994,15.55939952771798,15.076924111369726,12.900781475634002,-1.2632909256990068,0.0003403979994612287,15.579909825880131,19.93217009969351,-0.7017408324021256
2024-11-03,0x2c3c320d49019d4f9a92352e947c7e5acfe47d68,461352.36040717,1.00033704250968,13.041919536836618,14.316618900181124,13.613568941349094,14.202759608431215,14.75738485044762,0.913479500969682,1.00034504220618,6,1,15.579909825880131,15.324540411437777,14.402381639709994,15.55939952771798,14.247484730031335,-1.2746993633445065,0.00022449941555166664,15.579909825880131,16.15513521078719,-1.8779461518184137
2024-11-04,0x2c3c320d49019d4f9a92352e947c7e5acfe47d68,4261546.84780432,1.00060823191135,15.26514299680691,13.041919536836618,15.076924111369726,13.22109170022014,14.784273262652933,0.9271210709411182,1.00033704250968,0,0,14.316618900181124,15.579909825880131,15.324540411437777,14.402381639709994,15.171964986748089,2.223223459970292,0.0001543482717491373,15.579909825880131,15.946432160845461,0.5186698363632827
2024-11-05,0x2c3c320d49019d4f9a92352e947c7e5acfe47d68,3620320.54857181,1.00036902522919,15.10207340542952,15.26514299680691,15.55939952771798,12.628375713003912,14.718940959468867,0.8782196874148115,1.00060823191135,1,0,13.041919536836618,14.316618900181124,15.579909825880131,15.324540411437777,14.563428956336216,-0.16306959137738986,0.00015719745869725542,15.579909825880131,16.759976086161956,0.43626037021382474
2024-11-06,0x2c3c320d49019d4f9a92352e947c7e5acfe47d68,5656853.16579751,0.999480009139977,15.548378494568835,15.10207340542952,14.402381639709994,14.165609099647927,14.882654795877274,0.9154015690999073,1.00036902522919,2,0,15.26514299680691,13.041919536836618,14.316618900181124,15.579909825880131,15.026970817104505,0.4463050891393152,0.0003970029622694063,15.579909825880131,16.25806126868565,0.7272477141875097
2024-11-07,0x2c3c320d49019d4f9a92352e947c7e5acfe47d68,7183437.06689075,0.999190293512433,15.787288665817231,15.548378494568835,15.324540411437777,14.335747734517074,14.948761689360053,0.9678385616159595,0.999480009139977,3,0,15.10207340542952,15.26514299680691,13.041919536836618,14.316618900181124,14.509676202256058,0.23891017124839564,0.000570729870333069,15.787288665817231,15.44551155763078,0.8663913690906586
2024-11-08,0x2c3c320d49019d4f9a92352e947c7e5acfe47d68,5897092.66585584,0.999053447391914,15.589970188501713,15.787288665817231,15.579909825880131,13.798355212358455,14.950198884020278,0.9689388352337134,0.999190293512433,4,0,15.548378494568835,15.10207340542952,15.26514299680691,13.041919536836618,15.821650229986687,-0.19731847731551788,0.0006463211846359534,15.787288665817231,15.429455751367637,0.6602803822256977
2024-11-09,0x2c3c320d49019d4f9a92352e947c7e5acfe47d68,2107077.3536589,0.999330853776327,14.560812879403343,15.589970188501713,14.316618900181124,14.502056629986136,14.985083738194882,0.9464613032993681,0.999053447391914,5,1,15.787288665817231,15.548378494568835,15.10207340542952,15.26514299680691,14.5233868835985,-1.0291573090983697,0.0006467081962060918,15.787288665817231,15.832748455702117,-0.44827068715068724
2024-11-10,0x2c3c320d49019d4f9a92352e947c7e5acfe47d68,7183728.64879921,0.999289919528278,15.7873292558506,14.560812879403343,13.041919536836618,14.868444709659128,15.377285126625452,0.4407741760072486,0.999330853776327,6,1,15.589970188501713,15.787288665817231,15.548378494568835,15.10207340542952,13.613568941349094,1.2265163764472575,0.0006131040291859718,15.7873292558506,34.88699194204283,0.9302816533843888
2024-11-11,0x2c3c320d49019d4f9a92352e947c7e5acfe47d68,7426177.90058627,0.998841167023302,15.820522004539436,15.7873292558506,15.26514299680691,13.848910692606916,15.456624984872954,0.4664601852114112,0.999289919528278,0,0,14.560812879403343,15.589970188501713,15.787288665817231,15.548378494568835,15.076924111369726,0.03319274868883504,0.00048820848778771247,15.820522004539436,33.13600061678926,0.7801245019477215
2024-11-12,0x2c3c320d49019d4f9a92352e947c7e5acfe47d68,10517583.3161264,0.999576070064804,16.16855911116071,15.820522004539436,15.10207340542952,12.53385003792915,15.608980085691696,0.5040121471409291,0.998841167023302,1,0,15.7873292558506,14.560812879403343,15.589970188501713,15.787288665817231,15.55939952771798,0.34803710662127507,0.0002505591182733952,16.16855911116071,30.969452173396128,1.11024908554945
2024-11-13,0x2c3c320d49019d4f9a92352e947c7e5acfe47d68,14602055.5999347,0.998522090201807,16.496672939767528,16.16855911116071,15.548378494568835,15.191912087259245,15.74445072072008,0.6027754510649597,0.999576070064804,2,0,15.820522004539436,15.7873292558506,14.560812879403343,15.589970188501713,14.402381639709994,0.32811382860681704,0.00034779291529186496,16.496672939767528,26.119926902967617,1.2479310790087217
2024-11-14,0x2c3c320d49019d4f9a92352e947c7e5acfe47d68,6393545.19340507,0.999418522983419,15.670799632264751,16.496672939767528,15.787288665817231,14.895796969886693,15.727809430212584,0.6030036389997459,0.998522090201807,3,0,16.16855911116071,15.820522004539436,15.7873292558506,14.560812879403343,15.324540411437777,-0.8258733075027767,0.00036625375138205703,16.496672939767528,26.08244530049878,-0.09454304130303341
2024-11-15,0x2c3c320d49019d4f9a92352e947c7e5acfe47d68,7208597.67640265,0.999762939355568,15.790785132035825,15.670799632264751,15.589970188501713,14.042446581537043,15.756497279288885,0.6001229964979329,0.999418522983419,4,0,16.496672939767528,16.16855911116071,15.820522004539436,15.7873292558506,15.579909825880131,0.11998549977107409,0.000428747453922989,16.496672939767528,26.255446585512004,0.05713470896304736
2024-11-16,0x2c3c320d49019d4f9a92352e947c7e5acfe47d68,4504643.62275374,0.999569654297193,15.320619560841672,15.790785132035825,14.560812879403343,13.95677754273842,15.865041090922933,0.37388535532404593,0.999762939355568,5,1,15.670799632264751,16.496672939767528,16.16855911116071,15.820522004539436,14.316618900181124,-0.47016557119415303,0.00044553655579967496,16.496672939767528,42.43290320149802,-1.4561188940108092
2024-11-17,0x2c3c320d49019d4f9a92352e947c7e5acfe47d68,3327323.66900138,0.999859822403018,15.01767913635343,15.320619560841672,15.7873292558506,14.68829585325547,15.755091073851906,0.4943179918700822,0.999569654297193,6,1,15.790785132035825,15.670799632264751,16.496672939767528,16.16855911116071,13.041919536836618,-0.3029404244882432,0.0004962187553375999,16.496672939767528,31.8723803967724,-1.4917764467944108
2024-11-18,0x2c3c320d49019d4f9a92352e947c7e5acfe47d68,5751107.38848571,0.999702171680154,15.564903157411997,15.01767913635343,15.820522004539436,12.900781475634002,15.718574095690846,0.4981059913194228,0.999859822403018,0,0,15.320619560841672,15.790785132035825,15.670799632264751,16.496672939767528,15.26514299680691,0.5472240210585682,0.00044943342426166454,16.496672939767528,31.556685463778976,-0.30851051976266225
2024-11-19,0x2c3c320d49019d4f9a92352e947c7e5acfe47d68,6648523.98935553,0.999157539029592,15.709905581917473,15.564903157411997,16.16855911116071,14.247484730031335,15.65305216294181,0.45756497440532284,0.999702171680154,1,0,15.01767913635343,15.320619560841672,15.790785132035825,15.670799632264751,15.10207340542952,0.14500242450547596,0.00046328554987219175,16.496672939767528,34.20946322057407,0.12425212189712567
2024-11-20,0x2c3c320d49019d4f9a92352e947c7e5acfe47d68,8487916.62645555,0.998947757099397,15.954154254522875,15.709905581917473,16.496672939767528,15.171964986748089,15.575549493621148,0.314407920546679,0.999157539029592,2,0,15.564903157411997,15.01767913635343,15.320619560841672,15.790785132035825,15.548378494568835,0.2442486726054014,0.0003347321203472461,15.954154254522875,49.539303801695105,1.2041832796179366
2024-11-21,0x2c3c320d49019d4f9a92352e947c7e5acfe47d68,8789222.3565685,0.999372819516953,15.989036910418605,15.954154254522875,15.670799632264751,14.563428956336216,15.62101196192884,0.3513178631431322,0.998947757099397,3,0,15.709905581917473,15.564903157411997,15.01767913635343,15.320619560841672,15.787288665817231,0.03488265589573025,0.0003367605653287539,15.989036910418605,44.464041259309965,1.0475554678523382
2024-11-22,0x2c3c320d49019d4f9a92352e947c7e5acfe47d68,8256957.70460728,0.998985933063913,15.926566882128403,15.989036910418605,15.790785132035825,15.026970817104505,15.640409354799207,0.36570765049867265,0.999372819516953,4,0,15.954154254522875,15.709905581917473,15.564903157411997,15.01767913635343,15.589970188501713,-0.06247002829020154,0.00035615195853930015,15.989036910418605,42.76752026782107,0.7824761853874623
2024-11-23,0x2c3c320d49019d4f9a92352e947c7e5acfe47d68,7601215.47108536,0.998687681994643,15.843818854432923,15.926566882128403,15.320619560841672,14.509676202256058,15.715152111026528,0.3421639638054156,0.998985933063913,5,1,15.989036910418605,15.954154254522875,15.709905581917473,15.564903157411997,14.560812879403343,-0.08274802769548018,0.000423688550859216,15.989036910418605,45.92871773008668,0.37603826532583884
2024-11-24,0x2c3c320d49019d4f9a92352e947c7e5acfe47d68,5228127.25511905,0.999017309360303,15.469563885774045,15.843818854432923,15.01767913635343,15.821650229986687,15.779707075229476,0.20294937419745307,0.998687681994643,6,1,15.926566882128403,15.989036910418605,15.954154254522875,15.709905581917473,15.7873292558506,-0.3742549686588781,0.0003289370177563151,15.989036910418605,77.75193758359224,-1.5281800728970982
2024-11-25,0x2c3c320d49019d4f9a92352e947c7e5acfe47d68,7004922.16920957,0.9993399542519,15.762123769700171,15.469563885774045,15.564903157411997,14.5233868835985,15.807881448413498,0.18062049224651527,0.999017309360303,0,0,15.843818854432923,15.926566882128403,15.989036910418605,15.954154254522875,15.820522004539436,0.29255988392612586,0.00023914445994085054,15.989036910418605,87.51986694199967,-0.2533360315001718
2024-11-26,0x2c3c320d49019d4f9a92352e947c7e5acfe47d68,14458850.5471364,0.999980482628008,16.486817348797754,15.762123769700171,15.709905581917473,13.613568941349094,15.91886884368211,0.3057422243142107,0.9993399542519,1,0,15.469563885774045,15.843818854432923,15.926566882128403,15.989036910418605,16.16855911116071,0.7246935790975826,0.00042095959326572094,16.486817348797754,52.06630807827943,1.8576057212562536
2024-11-27,0x2c3c320d49019d4f9a92352e947c7e5acfe47d68,10273107.4963536,0.999701669071985,16.145040213454184,16.486817348797754,15.954154254522875,15.076924111369726,15.946138266386583,0.3176929662309029,0.999980482628008,2,0,15.762123769700171,15.469563885774045,15.843818854432923,15.926566882128403,16.496672939767528,-0.3417771353435697,0.0004443629239045396,16.486817348797754,50.193551514756386,0.6260823128298384
2024-11-28,0x2c3c320d49019d4f9a92352e947c7e5acfe47d68,3538619.80412123,0.999429381613499,15.079247605839267,16.145040213454184,15.989036910418605,15.55939952771798,15.816168365732393,0.45405337845299626,0.999701669071985,3,0,16.486817348797754,15.762123769700171,15.469563885774045,15.843818854432923,15.670799632264751,-1.0657926076149167,0.00044645996541649736,16.486817348797754,34.83327977785257,-1.6229826598888286
2024-11-29,0x2c3c320d49019d4f9a92352e947c7e5acfe47d68,2556656.036339,0.999547013604477,14.754211117916865,15.079247605839267,15.926566882128403,14.402381639709994,15.648688970845031,0.599472928592289,0.999429381613499,4,0,16.145040213454184,16.486817348797754,15.762123769700171,15.469563885774045,15.790785132035825,-0.3250364879224019,0.0004294501562712438,16.486817348797754,26.104079474601182,-1.4921071665882202
2024-11-30,0x2c3c320d49019d4f9a92352e947c7e5acfe47d68,881322.862604722,0.99958063240222,13.689180445317945,14.754211117916865,15.843818854432923,15.324540411437777,15.340883483828605,0.9393788034274246,0.999547013604477,5,1,15.079247605839267,16.145040213454184,16.486817348797754,15.762123769700171,15.320619560841672,-1.0650306725989207,0.00030069611928120013,16.486817348797754,16.330881033142052,-1.758292855325516
2024-12-01,0x2c3c320d49019d4f9a92352e947c7e5acfe47d68,707379.584279521,0.999432606338299,13.469324108783017,13.689180445317945,15.469563885774045,15.579909825880131,15.055134944258457,1.1697012062476542,0.99958063240222,6,1,14.754211117916865,15.079247605839267,16.145040213454184,16.486817348797754,15.01767913635343,-0.21985633653492798,0.00021524336312748652,16.486817348797754,12.87092367165681,-1.355740104400385
2024-12-02,0x2c3c320d49019d4f9a92352e947c7e5acfe47d68,1457650.4403932,0.999570868304335,14.192337096024003,13.469324108783017,15.762123769700171,14.316618900181124,14.830879705161863,1.1620211926614432,0.999432606338299,0,0,13.689180445317945,14.754211117916865,15.079247605839267,16.145040213454184,15.564903157411997,0.7230129872409865,0.00018973943150597998,16.486817348797754,12.763002773808157,-0.5495102956559446
2024-12-03,0x2c3c320d49019d4f9a92352e947c7e5acfe47d68,1656314.19696442,1.01996163583393,14.320105932146852,14.192337096024003,16.486817348797754,13.041919536836618,14.521349502783162,0.9082820099381136,0.999570868304335,1,0,13.469324108783017,13.689180445317945,14.754211117916865,15.079247605839267,15.709905581917473,0.12776883612284884,0.007717822814189474,16.145040213454184,15.987710142770068,-0.22156507388054875
2004-12-04,0x2c3c320d49019d4f9a92352e947c7e5acfe47d68,1968739.72970123,0.999060305090821,14.49290467282181,14.320105932146852,16.145040213454184,15.26514299680691,14.285330139835681,0.5663271822442855,1.01996163583393,5,1,14.192337096024003,13.469324108783017,13.689180445317945,14.754211117916865,15.954154254522875,0.17279874067495804,0.007759727267553614,15.079247605839267,25.22451788950808,0.36652758245426836
2024-12-05,0x2c3c320d49019d4f9a92352e947c7e5acfe47d68,3649263.41812892,0.999252986773139,15.110036175969173,14.49290467282181,15.079247605839267,15.10207340542952,14.289728506997095,0.5735937220521984,0.999060305090821,3,0,14.320105932146852,14.192337096024003,13.469324108783017,13.689180445317945,15.989036910418605,0.6171315031473625,0.007771142265781843,15.110036175969173,24.912630591338125,1.4301196778047163
2024-12-06,0x2c3c320d49019d4f9a92352e947c7e5acfe47d68,1840996.71153157,0.998963971292074,14.425818217157175,15.110036175969173,14.754211117916865,15.548378494568835,14.242815235459997,0.5418223687868219,0.999252986773139,4,0,14.49290467282181,14.320105932146852,14.192337096024003,13.469324108783017,15.926566882128403,-0.6842179588119972,0.007809145131691023,15.110036175969173,26.286871963870105,0.3377545709434993
2024-12-07,0x2c3c320d49019d4f9a92352e947c7e5acfe47d68,722585.25580728,0.998792575500905,13.490592077043265,14.425818217157175,13.689180445317945,15.787288665817231,14.214445468563612,0.579528999762321,0.998963971292074,5,1,15.110036175969173,14.49290467282181,14.320105932146852,14.192337096024003,15.843818854432923,-0.9352261401139099,0.0078597335175226,15.110036175969173,24.527582699732548,-1.249037393844372
2024-12-08,0x2c3c320d49019d4f9a92352e947c7e5acfe47d68,1138084.92891474,0.999279125787349,13.9448583995302,13.490592077043265,13.469324108783017,15.589970188501713,14.282378938670353,0.5000483013097569,0.998792575500905,6,1,14.425818217157175,15.110036175969173,14.49290467282181,14.320105932146852,15.469563885774045,0.45426632248693366,0.007868779353070657,15.110036175969173,28.56199871344644,-0.6749758738428038
2024-12-09,0x2c3c320d49019d4f9a92352e947c7e5acfe47d68,2902754.14139724,0.999891934501163,14.881170892703683,13.9448583995302,14.192337096024003,14.560812879403343,14.38078376676745,0.5451222372543028,0.999279125787349,0,0,13.490592077043265,14.425818217157175,15.110036175969173,14.49290467282181,15.762123769700171,0.9363124931734834,0.007852322419181816,15.110036175969173,26.3808422844778,0.9179356330363958
2024-12-10,0x2c3c320d49019d4f9a92352e947c7e5acfe47d68,1329108.52882626,0.999587114811091,14.100019748766208,14.881170892703683,14.320105932146852,15.7873292558506,14.34934288342736,0.5554542362589882,0.999891934501163,1,0,13.9448583995302,13.490592077043265,14.425818217157175,15.110036175969173,16.486817348797754,-0.7811511439374748,0.00037699421639950467,15.110036175969173,25.833528573066427,-0.44886350375210016
2024-12-11,0x2c3c320d49019d4f9a92352e947c7e5acfe47d68,1353932.61146812,0.999459497120426,14.118524699840254,14.100019748766208,14.49290467282181,15.820522004539436,14.29586003014428,0.5573479746085545,0.999587114811091,2,0,14.881170892703683,13.9448583995302,13.490592077043265,14.425818217157175,16.145040213454184,0.01850495107404626,0.00037170552299046285,15.110036175969173,25.649792735292124,-0.3181770426789123
2024-12-12,0x2c3c320d49019d4f9a92352e947c7e5acfe47d68,919178.921993711,0.999587215155978,13.731237162364407,14.118524699840254,15.110036175969173,16.16855911116071,14.098888742486455,0.45609811774444453,0.999459497120426,3,0,14.100019748766208,14.881170892703683,13.9448583995302,13.490592077043265,15.079247605839267,-0.38728753747584754,0.00038322459411619194,14.881170892703683,30.91196432076963,-0.8060800205451847
2024-12-13,0x2c3c320d49019d4f9a92352e947c7e5acfe47d68,766410.581831812,0.999859246359585,13.549474617518095,13.731237162364407,14.425818217157175,16.496672939767528,13.973696799680871,0.47141892190180523,0.999587215155978,4,0,14.118524699840254,14.100019748766208,14.881170892703683,13.9448583995302,14.754211117916865,-0.18176254484631116,0.0003760482392911518,14.881170892703683,29.641781758161034,-0.8998836543331574
2024-12-14,0x2c3c320d49019d4f9a92352e947c7e5acfe47d68,569754.409774781,0.999940392816253,13.252962442060275,13.549474617518095,13.490592077043265,15.670799632264751,13.939749708969018,0.5182367229377876,0.999859246359585,5,1,13.731237162364407,14.118524699840254,14.100019748766208,14.881170892703683,13.689180445317945,-0.2965121754578206,0.000247640568488969,14.881170892703683,26.898421304355217,-1.325238518442871
2024-12-15,0x2c3c320d49019d4f9a92352e947c7e5acfe47d68,607002.356207556,1.00030567176351,13.3162895991986,13.252962442060275,13.9448583995302,15.790785132035825,13.849954166064503,0.569158668428651,0.999940392816253,6,1,13.549474617518095,13.731237162364407,14.118524699840254,14.100019748766208,13.469324108783017,0.06332715713832471,0.00028687335607191326,14.881170892703683,24.334082803837177,-0.9376375982101327
2024-12-16,0x2c3c320d49019d4f9a92352e947c7e5acfe47d68,1372414.22819687,1.00022886250992,14.132082685938732,13.3162895991986,14.881170892703683,15.320619560841672,13.742941565098082,0.3829003843803348,1.00030567176351,0,0,13.252962442060275,13.549474617518095,13.731237162364407,14.118524699840254,14.192337096024003,0.8157930867401326,0.0003291505788034263,14.132082685938732,35.89168913303368,1.0162985902206303
2024-12-17,0x2c3c320d49019d4f9a92352e947c7e5acfe47d68,979457.830041514,0.999988051918446,13.794755483876962,14.132082685938732,14.100019748766208,15.01767913635343,13.699332384399616,0.35155458433241016,1.00022886250992,1,0,13.3162895991986,13.252962442060275,13.549474617518095,13.731237162364407,14.320105932146852,-0.33732720206177014,0.00030955988670753405,14.132082685938732,38.96786728130475,0.2714318166510419
2024-12-18,0x2c3c320d49019d4f9a92352e947c7e5acfe47d68,1916589.60538431,1.00022172316251,14.46605843917067,13.794755483876962,14.118524699840254,15.564903157411997,13.748980061446819,0.43520802640381534,0.999988051918446,2,0,14.132082685938732,13.3162895991986,13.252962442060275,13.549474617518095,14.49290467282181,0.671302955293708,0.0002537766150920518,14.46605843917067,31.591742861584056,1.647668090244563
2024-12-19,0x2c3c320d49019d4f9a92352e947c7e5acfe47d68,2408975.41674947,1.00081971539052,14.694712491905864,14.46605843917067,13.731237162364407,15.709905581917473,13.886619394238457,0.562423191128156,1.00022172316251,3,0,13.794755483876962,14.132082685938732,13.3162895991986,13.252962442060275,15.110036175969173,0.22865405273519457,0.00032268687967767395,14.694712491905864,24.69069485983233,1.4368061460027737
2024-12-20,0x2c3c320d49019d4f9a92352e947c7e5acfe47d68,1355224.33368351,1.00098587419331,14.119478296391382,14.694712491905864,13.549474617518095,15.954154254522875,13.968048491220356,0.5465133207445949,1.00081971539052,4,0,14.46605843917067,13.794755483876962,14.132082685938732,13.3162895991986,14.425818217157175,-0.5752341955144828,0.00039929423355293943,14.694712491905864,25.55847764550303,0.2770834660804166
2024-12-21,0x2c3c320d49019d4f9a92352e947c7e5acfe47d68,583812.533393367,1.00044362245302,13.277336918691132,14.119478296391382,13.252962442060275,15.989036910418605,13.971530559310478,0.5412501583745475,1.00098587419331,5,1,14.694712491905864,14.46605843917067,13.794755483876962,14.132082685938732,13.490592077043265,-0.8421413777002495,0.0003548784138436425,14.694712491905864,25.813443826545946,-1.2825744803551216
2024-12-22,0x2c3c320d49019d4f9a92352e947c7e5acfe47d68,597433.444027984,1.00077230760129,13.300399839660464,13.277336918691132,13.3162895991986,15.926566882128403,13.969260593662172,0.544479883540879,1.00044362245302,6,1,14.119478296391382,14.694712491905864,14.46605843917067,13.794755483876962,13.9448583995302,0.023062920969332268,0.00037158200466460656,14.694712491905864,25.65615556412632,-1.2284397903775033
2024-12-23,0x2c3c320d49019d4f9a92352e947c7e5acfe47d68,710917.488153709,1.00114497104751,13.474313058266295,13.300399839660464,14.132082685938732,15.843818854432923,13.875293503994682,0.5679500261116313,1.00077230760129,0,0,13.277336918691132,14.119478296391382,14.694712491905864,14.46605843917067,14.881170892703683,0.17391321860583098,0.0004206039978939489,14.694712491905864,24.43048308138906,-0.7060136055871622
2024-12-24,0x2c3c320d49019d4f9a92352e947c7e5acfe47d68,531973.204379682,1.00118411465971,13.184350279140084,13.474313058266295,13.794755483876962,15.469563885774045,13.788092760460842,0.626244330984217,1.00114497104751,1,0,13.300399839660464,13.277336918691132,14.119478296391382,14.694712491905864,14.100019748766208,-0.2899627791262116,0.0003567336882849375,14.694712491905864,22.01711389353613,-0.9640685774702612
2024-12-25,0x2c3c320d49019d4f9a92352e947c7e5acfe47d68,232362.058634628,1.00086319276304,12.356056335363903,13.184350279140084,14.46605843917067,15.762123769700171,13.486663888488447,0.7425369889580453,1.00118411465971,2,0,13.474313058266295,13.300399839660464,13.277336918691132,14.119478296391382,14.118524699840254,-0.8282939437761812,0.000251472661974675,14.694712491905864,18.162952269103013,-1.5226279228339448
2024-12-26,0x2c3c320d49019d4f9a92352e947c7e5acfe47d68,765862.680448432,1.00100665547108,13.548759470024404,12.356056335363903,14.694712491905864,16.486817348797754,13.322956313933952,0.5267890664341176,1.00086319276304,3,0,13.184350279140084,13.474313058266295,13.300399839660464,13.277336918691132,13.731237162364407,1.1927031346605013,0.0002529731760958391,14.119478296391382,25.290874778624843,0.42864055174671634
2024-12-27,0x2c3c320d49019d4f9a92352e947c7e5acfe47d68,1257336.02981474,1.00138660330565,14.044506574000545,13.548759470024404,14.119478296391382,16.145040213454184,13.31224606787812,0.5083346776087239,1.00100665547108,4,0,12.356056335363903,13.184350279140084,13.474313058266295,13.300399839660464,13.549474617518095,0.4957471039761412,0.00031061940794992584,14.044506574000545,26.18795579813825,1.4405086616697116
2024-12-28,0x2c3c320d49019d4f9a92352e947c7e5acfe47d68,1414342.81876148,1.00177989810482,14.162176249178346,14.044506574000545,13.277336918691132,15.079247605839267,13.43865168651915,0.5999637305950708,1.00138660330565,5,1,13.548759470024404,12.356056335363903,13.184350279140084,13.474313058266295,13.252962442060275,0.11766967517780103,0.000341149920120942,14.162176249178346,22.399106814657102,1.2059471694090376
2024-12-29,0x2c3c320d49019d4f9a92352e947c7e5acfe47d68,1846412.67916786,1.00183457110164,14.428755763829923,14.162176249178346,13.300399839660464,14.754211117916865,13.599845389971929,0.6998865989924322,1.00177989810482,6,1,14.044506574000545,13.548759470024404,12.356056335363903,13.184350279140084,13.3162895991986,0.2665795146515766,0.00037337532358055277,14.428755763829923,19.43149848782714,1.1843495432707514
2024-12-30,0x2c3c320d49019d4f9a92352e947c7e5acfe47d68,1762771.35637143,1.00186438217447,14.382398330167963,14.428755763829923,13.474313058266295,13.689180445317945,13.729571857386452,0.7547489154421062,1.00183457110164,0,0,14.162176249178346,14.044506574000545,13.548759470024404,12.356056335363903,14.132082685938732,-0.0463574336619601,0.0004156232415289511,14.428755763829923,18.190912999648546,0.8649584774813702
2024-12-31,0x2c3c320d49019d4f9a92352e947c7e5acfe47d68,1541564.1105826,1.00161858110834,14.248308763874059,14.382398330167963,13.184350279140084,13.469324108783017,13.881565926634163,0.7334827402340778,1.00186438217447,1,0,14.428755763829923,14.162176249178346,14.044506574000545,13.548759470024404,13.794755483876962,-0.13408956629390367,0.00040739778443534187,14.428755763829923,18.925552252537138,0.5000020002145672
2025-01-01,0x2c3c320d49019d4f9a92352e947c7e5acfe47d68,903813.501872623,1.00219127785348,13.71437942127496,14.248308763874059,12.356056335363903,14.192337096024003,14.075612081764316,0.33296046401909474,1.00161858110834,2,0,14.382398330167963,14.428755763829923,14.162176249178346,14.044506574000545,14.46605843917067,-0.5339293425990981,0.00038114971040839217,14.428755763829923,42.27412441663675,-1.084911572169907
2025-01-02,0x2c3c320d49019d4f9a92352e947c7e5acfe47d68,645130.976002304,1.00133339070468,13.377210188804389,13.71437942127496,13.548759470024404,14.320105932146852,14.051105041590025,0.3810431707967344,1.00219127785348,3,0,14.248308763874059,14.382398330167963,14.428755763829923,14.162176249178346,14.694712491905864,-0.33716923247057196,0.000297329594220247,14.428755763829923,36.87536247457252,-1.7685525012208065
2025-01-03,0x2c3c320d49019d4f9a92352e947c7e5acfe47d68,809093.252941638,1.00079182178168,13.603670694744673,13.377210188804389,14.044506574000545,14.49290467282181,13.988128487410618,0.41704416600506933,1.00133339070468,4,0,13.71437942127496,14.248308763874059,14.382398330167963,14.428755763829923,14.119478296391382,0.22646050594028466,0.00045183599576509065,14.428755763829923,33.54112016817084,-0.9218634955351142
2025-01-04,0x2c3c320d49019d4f9a92352e947c7e5acfe47d68,791404.936610562,1.0000939925804,13.581566309308613,13.603670694744673,14.162176249178346,15.110036175969173,13.905184210286368,0.43405009847678033,1.00079182178168,5,1,13.377210188804389,13.71437942127496,14.248308763874059,14.382398330167963,13.277336918691132,-0.022104385436060525,0.0007254462875467835,14.428755763829923,32.03589691393707,-0.7455773011305517
2025-01-05,0x2c3c320d49019d4f9a92352e947c7e5acfe47d68,336998.754929405,1.00020252312876,12.727837482121787,13.581566309308613,14.428755763829923,14.425818217157175,13.662195884328066,0.5521340098052724,1.0000939925804,6,1,13.603670694744673,13.377210188804389,13.71437942127496,14.248308763874059,13.300399839660464,-0.853728827186826,0.0008153379371036518,14.382398330167963,24.744347643331142,-1.6922674307562204
2025-01-06,0x2c3c320d49019d4f9a92352e947c7e5acfe47d68,862143.546871224,1.00019615905641,13.667178223373448,12.727837482121787,14.382398330167963,13.490592077043265,13.560021583357416,0.45412331933051564,1.00020252312876,0,0,13.581566309308613,13.603670694744673,13.377210188804389,13.71437942127496,13.474313058266295,0.9393407412516606,0.0008177683101900067,14.248308763874059,29.859778183926057,0.23596374697076886
2025-01-07,0x2c3c320d49019d4f9a92352e947c7e5acfe47d68,1208180.90838536,1.00001764739727,14.004627232551623,13.667178223373448,14.248308763874059,13.9448583995302,13.525209936025643,0.39850134250312963,1.00019615905641,1,0,12.727837482121787,13.581566309308613,13.603670694744673,13.377210188804389,13.184350279140084,0.3374490091781759,0.0008131162750155494,14.004627232551623,33.94018662790182,1.2030506434799229
2025-01-08,0x2c3c320d49019d4f9a92352e947c7e5acfe47d68,766519.921948481,1.00023933809438,13.5496172723533,14.004627232551623,13.71437942127496,14.881170892703683,13.50167248617969,0.39024617507438847,1.00001764739727,2,0,13.667178223373448,12.727837482121787,13.581566309308613,13.603670694744673,12.356056335363903,-0.45500996019832307,0.00047786612768063486,14.004627232551623,34.597834260914944,0.12285779909175032
2025-01-09,0x2c3c320d49019d4f9a92352e947c7e5acfe47d68,820981.482456393,1.00036904597099,13.618257051369408,13.5496172723533,13.377210188804389,14.100019748766208,13.536107752260408,0.38806207567933737,1.00023933809438,3,0,14.004627232551623,13.667178223373448,12.727837482121787,13.581566309308613,13.548759470024404,0.06863977901610774,0.0002541830343613384,14.004627232551623,34.881295031379295,0.21169112948024163
2025-01-10,0x2c3c320d49019d4f9a92352e947c7e5acfe47d68,624597.256656921,1.00013101253957,13.344863932691966,13.618257051369408,13.603670694744673,14.118524699840254,13.49913535768145,0.3928514963449949,1.00036904597099,4,0,13.5496172723533,14.004627232551623,13.667178223373448,12.727837482121787,14.044506574000545,-0.27339311867744165,0.0001126706924446901,14.004627232551623,34.36192933786552,-0.39269654417712196
2025-01-11,0x2c3c320d49019d4f9a92352e947c7e5acfe47d68,347615.405127636,1.00030157120912,12.75885486667868,13.344863932691966,13.581566309308613,13.731237162364407,13.381605151591458,0.47793316953510795,1.00013101253957,5,1,13.618257051369408,13.5496172723533,14.004627232551623,13.667178223373448,14.162176249178346,-0.5860090660132862,0.00011402090315918363,14.004627232551623,27.998904458981002,-1.3030070407512366
2025-01-12,0x2c3c320d49019d4f9a92352e947c7e5acfe47d68,574781.026755732,1.00120040023625,13.261746164005945,12.75885486667868,12.727837482121787,13.549474617518095,13.457877820432051,0.39088618514601015,1.00030157120912,6,1,13.344863932691966,13.618257051369408,13.5496172723533,14.004627232551623,14.428755763829923,0.502891297327265,0.00039162305158402645,14.004627232551623,34.429146723118514,-0.5017615456347139
2025-01-13,0x2c3c320d49019d4f9a92352e947c7e5acfe47d68,841246.377979434,1.0006693730009,13.64264104312128,13.261746164005945,13.667178223373448,13.252962442060275,13.454372508967458,0.3888008997237183,1.00120040023625,0,0,12.75885486667868,13.344863932691966,13.618257051369408,13.5496172723533,14.382398330167963,0.3808948791153348,0.0004012177185544589,14.004627232551623,34.60478748513218,0.48422864835862545
2025-01-14,0x2c3c320d49019d4f9a92352e947c7e5acfe47d68,569494.344185539,1.00041445865927,13.252505886569123,13.64264104312128,14.004627232551623,13.3162895991986,13.34692660239853,0.30663614439557835,1.0006693730009,1,0,13.261746164005945,12.75885486667868,13.344863932691966,13.618257051369408,14.248308763874059,-0.3901351565521569,0.0003612061560327952,13.64264104312128,43.52691894397231,-0.3079242860150353
2025-01-15,0x2c3c320d49019d4f9a92352e947c7e5acfe47d68,1267555.37728944,1.00026370737078,14.052601492582127,13.252505886569123,13.5496172723533,14.132082685938732,13.418781491002647,0.40515552942326394,1.00041445865927,2,0,13.64264104312128,13.261746164005945,12.75885486667868,13.344863932691966,13.71437942127496,0.800095606013004,0.0003586644523896518,14.052601492582127,33.120074925558065,1.564386897253376
2025-01-16,0x2c3c320d49019d4f9a92352e947c7e5acfe47d68,910230.545589948,1.00012154797834,13.721454291830455,14.052601492582127,13.618257051369408,13.794755483876962,13.433523953925654,0.4153723152826342,1.00026370737078,3,0,13.252505886569123,13.64264104312128,13.261746164005945,12.75885486667868,13.377210188804389,-0.3311472007516727,0.0003826508036399355,14.052601492582127,32.34092273286197,0.6931861544717897
2025-01-17,0x2c3c320d49019d4f9a92352e947c7e5acfe47d68,956307.277479942,0.999973015505999,13.77083560603576,13.721454291830455,13.344863932691966,14.46605843917067,13.494377050117624,0.4311229170995574,1.00012154797834,4,0,14.052601492582127,13.252505886569123,13.64264104312128,13.261746164005945,13.603670694744673,0.04938131420530567,0.00040795450508666133,14.052601492582127,31.30053289883781,0.6412522854921815
2025-01-18,0x2c3c320d49019d4f9a92352e947c7e5acfe47d68,790494.844864486,1.00046644227263,13.580415679279438,13.77083560603576,12.75885486667868,14.694712491905864,13.611742880489162,0.28436725499966187,0.999973015505999,5,1,13.721454291830455,14.052601492582127,13.252505886569123,13.64264104312128,13.581566309308613,-0.1904199267563218,0.0004046845804205903,14.052601492582127,47.86677312936522,-0.11016458702237727
2025-01-19,0x2c3c320d49019d4f9a92352e947c7e5acfe47d68,2394231.92481752,1.00984304909958,14.688573455612593,13.580415679279438,13.261746164005945,14.119478296391382,13.815575350718683,0.45303073273764266,1.00046644227263,6,1,13.77083560603576,13.721454291830455,14.052601492582127,13.252505886569123,12.727837482121787,1.1081577763331545,0.003607388211705084,14.688573455612593,30.495889908465667,1.9270174003835383
2025-01-20,0x2c3c320d49019d4f9a92352e947c7e5acfe47d68,2510641.10608508,1.00128369045567,14.736049097549229,14.688573455612593,13.64264104312128,13.277336918691132,13.971776501351245,0.5594633018164766,1.00984304909958,0,0,13.580415679279438,13.77083560603576,13.721454291830455,14.052601492582127,13.667178223373448,0.04747564193663578,0.003586148252689323,14.736049097549229,24.97353527208559,1.3660817317535296
2025-01-21,0x2c3c320d49019d4f9a92352e947c7e5acfe47d68,897453.900442225,1.00088631119896,13.707318147878338,14.736049097549229,13.252505886569123,13.300399839660464,14.036749681538277,0.4832239854876835,1.00128369045567,1,0,14.688573455612593,13.580415679279438,13.77083560603576,13.721454291830455,14.004627232551623,-1.0287309496708907,0.0035608428408214258,14.736049097549229,29.048122823149985,-0.6817367174509759
2025-01-22,0x2c3c320d49019d4f9a92352e947c7e5acfe47d68,515818.334981157,1.0001306324808,13.15351185714977,13.707318147878338,14.052601492582127,13.474313058266295,13.908308305047939,0.5867154314568573,1.00088631119896,2,0,14.736049097549229,14.688573455612593,13.580415679279438,13.77083560603576,13.5496172723533,-0.5538062907285681,0.0035709642386452705,14.736049097549229,23.705373268455872,-1.2864779200096588
2025-01-23,0x2c3c320d49019d4f9a92352e947c7e5acfe47d68,3176804.43617922,1.0003628405872,14.971386670010011,13.15351185714977,13.721454291830455,13.184350279140084,14.086870073359306,0.6996952952458706,1.0001306324808,3,0,13.707318147878338,14.736049097549229,14.688573455612593,13.580415679279438,13.618257051369408,1.817874812860241,0.0035530129178766193,14.971386670010011,20.132863789528876,1.2641454110962727
2025-01-24,0x2c3c320d49019d4f9a92352e947c7e5acfe47d68,622679.051314427,0.999981301198068,13.341788104558768,14.971386670010011,13.77083560603576,12.356056335363903,14.025577573148306,0.7490452810918296,1.0003628405872,4,0,13.15351185714977,13.707318147878338,14.736049097549229,14.688573455612593,13.344863932691966,-1.6295985654512428,0.0035522849194709045,14.971386670010011,18.724605744400698,-0.9128813515690772
2025-01-25,0x2c3c320d49019d4f9a92352e947c7e5acfe47d68,292087.092511237,1.00009118442491,12.584810722434462,13.341788104558768,13.580415679279438,13.548759470024404,13.883348293599024,0.9221757631990796,0.999981301198068,5,1,14.971386670010011,13.15351185714977,13.707318147878338,14.736049097549229,12.75885486667868,-0.7569773821243064,0.0035793833207083806,14.971386670010011,15.054991518576577,-1.4081237254163719
2025-01-26,0x2c3c320d49019d4f9a92352e947c7e5acfe47d68,387688.93884864,1.000179865975,12.867961172454713,12.584810722434462,14.688573455612593,14.044506574000545,13.623260824576471,0.9139250363896412,1.00009118442491,6,1,13.341788104558768,14.971386670010011,13.15351185714977,13.707318147878338,13.261746164005945,0.2831504500202513,0.00048452129078906743,14.971386670010011,14.906321943420702,-0.826435016055024
2025-01-27,0x2c3c320d49019d4f9a92352e947c7e5acfe47d68,1167552.02358222,1.00040537230491,13.970420683838412,12.867961172454713,14.736049097549229,14.162176249178346,13.513885336903497,0.7968725409509769,1.000179865975,0,0,12.584810722434462,13.341788104558768,14.971386670010011,13.15351185714977,13.64264104312128,1.1024595113836995,0.000301812747001357,14.971386670010011,16.95865353921746,0.5729088699556613
2025-01-28,0x2c3c320d49019d4f9a92352e947c7e5acfe47d68,356601.754230274,1.00018115370666,12.784377707965966,13.970420683838412,13.707318147878338,14.428755763829923,13.382036702630302,0.8349762243050658,1.00040537230491,1,0,12.867961172454713,12.584810722434462,13.341788104558768,14.971386670010011,13.252505886569123,-1.1860429758724464,0.00014904332392589857,14.971386670010011,16.026847607269186,-0.715779656075549
2025-01-29,0x2c3c320d49019d4f9a92352e947c7e5acfe47d68,667775.272611869,1.00035777243074,13.411708475180422,12.784377707965966,13.15351185714977,14.382398330167963,13.418921933777538,0.828879257197667,1.00018115370666,2,0,13.970420683838412,12.867961172454713,12.584810722434462,13.341788104558768,14.052601492582127,0.6273307672144561,0.00015831595157197705,14.971386670010011,16.189236028351306,-0.008702665116149779
2025-01-30,0x2c3c320d49019d4f9a92352e947c7e5acfe47d68,495395.484922228,1.00011063761563,13.11311370057869,13.411708475180422,14.971386670010011,14.248308763874059,13.15345436671592,0.4676725443068823,1.00035777243074,3,0,12.784377707965966,13.970420683838412,12.867961172454713,12.584810722434462,13.721454291830455,-0.29859477460173167,0.00014958730813779478,13.970420683838412,28.125350796913036,-0.08625835882031092
2025-01-31,0x2c3c320d49019d4f9a92352e947c7e5acfe47d68,988412.641174439,1.00007475039156,13.803856554270517,13.11311370057869,13.341788104558768,13.71437942127496,13.21946414524617,0.5274716461456331,1.00011063761563,4,0,13.411708475180422,12.784377707965966,13.970420683838412,12.867961172454713,13.77083560603576,0.6907428536918268,0.000131240451868668,13.970420683838412,25.061942650081935,1.1079124599296757
2025-02-01,0x2c3c320d49019d4f9a92352e947c7e5acfe47d68,731662.237111919,1.00026217234799,13.503075628493752,13.803856554270517,12.584810722434462,13.377210188804389,13.35064484611178,0.45213381081851656,1.00007475039156,5,1,13.11311370057869,13.411708475180422,12.784377707965966,13.970420683838412,13.580415679279438,-0.3007809257767651,0.00012325868137561948,13.970420683838412,29.528083338741148,0.3371364377860292
2025-02-02,0x2c3c320d49019d4f9a92352e947c7e5acfe47d68,1085595.25247456,1.00034958371419,13.897639935465298,13.503075628493752,12.867961172454713,13.603670694744673,13.497741812256152,0.43613976623159373,1.00026217234799,6,1,13.803856554270517,13.11311370057869,13.411708475180422,12.784377707965966,14.688573455612593,0.3945643069715459,0.00012954032974400335,13.970420683838412,30.948202519760013,0.9169036033206224
2025-02-03,0x2c3c320d49019d4f9a92352e947c7e5acfe47d68,2496191.21849833,0.999197336037049,14.730277016122608,13.897639935465298,13.970420683838412,13.581566309308613,13.606292716868179,0.6264372800497173,1.00034958371419,0,0,13.503075628493752,13.803856554270517,13.11311370057869,13.411708475180422,14.736049097549229,0.8326370806573102,0.00040274321840067147,14.730277016122608,21.720119715398024,1.7942487381422216
2025-02-04,0x2c3c320d49019d4f9a92352e947c7e5acfe47d68,679357.73256971,0.999277153385908,13.428904591871333,14.730277016122608,12.784377707965966,12.727837482121787,13.698367985997518,0.5245822582066338,0.999197336037049,1,0,13.897639935465298,13.503075628493752,13.803856554270517,13.11311370057869,13.707318147878338,-1.3013724242512748,0.0004973143200808313,14.730277016122608,26.11290750249069,-0.5136723362459763
2025-02-05,0x2c3c320d49019d4f9a92352e947c7e5acfe47d68,337679.639144727,0.999683934124863,12.729855873207276,13.428904591871333,13.411708475180422,13.667178223373448,13.600960471429925,0.63777526658049,0.999277153385908,2,0,14.730277016122608,13.897639935465298,13.503075628493752,13.803856554270517,13.15351185714977,-0.6990487186640575,0.00046897256058461964,14.730277016122608,21.325631745415805,-1.3658488246074527
2025-02-06,0x2c3c320d49019d4f9a92352e947c7e5acfe47d68,528791.640500829,0.999768304153624,13.178351650064274,12.729855873207276,13.11311370057869,14.004627232551623,13.610280178499293,0.6298861655698813,0.999683934124863,3,0,13.428904591871333,14.730277016122608,13.897639935465298,13.503075628493752,14.971386670010011,0.4484957768569977,0.00045500121676919094,14.730277016122608,21.60752358513156,-0.6857247420956574
2025-02-07,0x2c3c320d49019d4f9a92352e947c7e5acfe47d68,697583.293239329,0.999710106327807,13.455378635898157,13.178351650064274,13.803856554270517,13.5496172723533,13.560497618731814,0.6257947002681782,0.999768304153624,4,0,12.729855873207276,13.428904591871333,14.730277016122608,13.897639935465298,13.341788104558768,0.2770269858338832,0.00043915325414973404,14.730277016122608,21.66924330442651,-0.16797678661806062
2025-02-08,0x2c3c320d49019d4f9a92352e947c7e5acfe47d68,1031725.95657393,0.999913389388991,13.846744613053739,13.455378635898157,13.503075628493752,13.618257051369408,13.60959318795467,0.6339665440274512,0.999710106327807,5,1,13.178351650064274,12.729855873207276,13.428904591871333,14.730277016122608,12.584810722434462,0.39136597715558175,0.00038815590812586254,14.730277016122608,21.467368138223655,0.3740756153984132
2025-02-09,0x2c3c320d49019d4f9a92352e947c7e5acfe47d68,2700727.70864641,0.999860202717473,14.809032186651502,13.846744613053739,13.897639935465298,13.344863932691966,13.73979208098127,0.7797972166213704,0.999913389388991,6,1,13.455378635898157,13.178351650064274,12.729855873207276,13.428904591871333,12.867961172454713,0.962287573597763,0.0002809079331370216,14.809032186651502,17.61969879876169,1.3711771251286886
2025-02-10,0x2c3c320d49019d4f9a92352e947c7e5acfe47d68,1203834.68247254,0.999869484280167,14.001023419185447,14.809032186651502,14.730277016122608,12.75885486667868,13.635612995704534,0.6657965939330279,0.999860202717473,0,0,13.846744613053739,13.455378635898157,13.178351650064274,12.729855873207276,13.970420683838412,-0.8080087674660543,0.00021563391627220152,14.809032186651502,20.480148321509937,0.5488319207557822
2025-02-11,0x2c3c320d49019d4f9a92352e947c7e5acfe47d68,625078.93964856,0.9998588706083,13.345634823977287,14.001023419185447,13.428904591871333,13.261746164005945,13.62371731457681,0.6708302135182302,0.999869484280167,1,0,14.809032186651502,13.846744613053739,13.455378635898157,13.178351650064274,12.784377707965966,-0.6553885952081604,8.826251908986083e-05,14.809032186651502,20.308741377532748,-0.41453483310046607
2025-02-12,0x2c3c320d49019d4f9a92352e947c7e5acfe47d68,1818137.00166878,0.999978875500386,14.413323459347335,13.345634823977287,12.729855873207276,13.64264104312128,13.864212684025391,0.5943767717284766,0.9998588706083,2,0,14.001023419185447,14.809032186651502,13.846744613053739,13.455378635898157,13.411708475180422,1.0676886353700485,8.890238291138763e-05,14.809032186651502,23.3256300438989,0.9238429249600637
2025-02-13,0x2c3c320d49019d4f9a92352e947c7e5acfe47d68,4535808.13322388,0.999827603736984,15.327514045290982,14.413323459347335,13.178351650064274,13.252505886569123,14.171235883343494,0.7223463253132216,0.999978875500386,3,0,13.345634823977287,14.001023419185447,14.809032186651502,13.846744613053739,13.11311370057869,0.914190585943647,8.225002821042074e-05,15.327514045290982,19.618340104656316,1.6007254711874164
2025-02-14,0x2c3c320d49019d4f9a92352e947c7e5acfe47d68,3739619.53042338,0.999821076442076,15.13449470178941,15.327514045290982,13.455378635898157,14.052601492582127,14.411109607042244,0.7238030822798878,0.999827603736984,4,0,14.413323459347335,13.345634823977287,14.001023419185447,14.809032186651502,13.803856554270517,-0.19301934350157168,5.465751601146774e-05,15.327514045290982,19.91026283232876,0.9994225120852017
2025-02-15,0x2c3c320d49019d4f9a92352e947c7e5acfe47d68,1955418.94006787,0.999869802786825,14.48611553143849,15.13449470178941,13.846744613053739,13.721454291830455,14.502448309668637,0.6797136828081597,0.999821076442076,5,1,15.327514045290982,14.413323459347335,13.345634823977287,14.001023419185447,13.503075628493752,-0.6483791703509212,5.206182951984899e-05,15.327514045290982,21.336113537914116,-0.02402890899984605
2025-02-16,0x2c3c320d49019d4f9a92352e947c7e5acfe47d68,1946210.13706548,0.999818865641383,14.481395033820757,14.48611553143849,14.809032186651502,13.77083560603576,14.455643002121388,0.6662305097431516,0.999869802786825,6,1,15.13449470178941,15.327514045290982,14.413323459347335,13.345634823977287,13.897639935465298,-0.004720497617732633,5.551125882818146e-05,15.327514045290982,21.697659880053223,0.038653335929178044
2025-02-17,0x2c3c320d49019d4f9a92352e947c7e5acfe47d68,2919238.08858023,0.999899849666097,14.886833554183346,14.481395033820757,14.001023419185447,13.580415679279438,14.582187307121087,0.6494010896946228,0.999818865641383,0,0,14.48611553143849,15.13449470178941,15.327514045290982,14.413323459347335,14.730277016122608,0.40543852036258876,5.7216078770872646e-05,15.327514045290982,22.45482420421912,0.4691187802064241
2025-02-18,0x2c3c320d49019d4f9a92352e947c7e5acfe47d68,3064878.38002157,1.00011814136189,14.93551877258836,14.886833554183346,13.345634823977287,14.688573455612593,14.809313585494097,0.35707312705908967,0.999899849666097,1,0,14.481395033820757,14.48611553143849,15.13449470178941,15.327514045290982,13.428904591871333,0.04868521840501394,0.00011000347290380856,15.327514045290982,41.47417563305849,0.35344353167575404
2025-02-19,0x2c3c320d49019d4f9a92352e947c7e5acfe47d68,2485284.9033992,1.00027845190235,14.725898262564629,14.93551877258836,14.413323459347335,14.736049097549229,14.853967128810853,0.3165437494736587,1.00011814136189,2,0,14.886833554183346,14.481395033820757,14.48611553143849,15.13449470178941,12.729855873207276,-0.20962051002373094,0.00017974965791640098,15.327514045290982,46.9254791905058,-0.4045850422230266
2025-02-20,0x2c3c320d49019d4f9a92352e947c7e5acfe47d68,980020.187161527,0.999923931450633,13.795329469965633,14.725898262564629,15.327514045290982,13.707318147878338,14.63508361805009,0.4401319392375013,1.00027845190235,3,0,14.93551877258836,14.886833554183346,14.481395033820757,14.48611553143849,13.178351650064274,-0.9305687925989954,0.00017256828518537874,15.13449470178941,33.25158279447835,-1.9079600302111808
2025-02-21,0x2c3c320d49019d4f9a92352e947c7e5acfe47d68,7701611.02188948,1.00003169342466,15.856940218404668,13.795329469965633,15.13449470178941,13.15351185714977,14.738290120423699,0.6233321466073556,0.999923931450633,4,0,14.725898262564629,14.93551877258836,14.886833554183346,14.481395033820757,13.455378635898157,2.061610748439035,0.00016205609021958115,15.856940218404668,23.64436071625795,1.7946292423221424
2025-02-22,0x2c3c320d49019d4f9a92352e947c7e5acfe47d68,1177229.52262093,1.00012101373421,13.978675223157662,15.856940218404668,14.48611553143849,14.971386670010011,14.665798647812151,0.6840925209811037,1.00003169342466,5,1,13.795329469965633,14.725898262564629,14.93551877258836,14.886833554183346,13.846744613053739,-1.8782649952470063,0.0001583795131867888,15.856940218404668,21.43832624683417,-1.004430546425284
2025-02-23,0x2c3c320d49019d4f9a92352e947c7e5acfe47d68,594793.348783376,0.999894744325768,13.29597099248631,13.978675223157662,14.481395033820757,13.341788104558768,14.496452356192945,0.8611592391092979,1.00012101373421,6,1,15.856940218404668,13.795329469965633,14.725898262564629,14.93551877258836,14.809032186651502,-0.6827042306713516,0.0001436370825230841,15.856940218404668,16.83364899061724,-1.394029476996972
2025-02-24,0x2c3c320d49019d4f9a92352e947c7e5acfe47d68,970600.100903851,0.99991554855249,13.785670850203434,13.29597099248631,14.886833554183346,12.584810722434462,14.339143398481527,0.8783660515315107,0.999894744325768,0,0,13.978675223157662,15.856940218404668,13.795329469965633,14.725898262564629,14.001023419185447,0.4896998577171239,0.0001412179836881891,15.856940218404668,16.324792349931936,-0.6301160516314015
2025-02-25,0x2c3c320d49019d4f9a92352e947c7e5acfe47d68,1623994.37998945,1.0004698385994,14.30039995486563,13.785670850203434,14.93551877258836,12.867961172454713,14.248412138806852,0.8383887185255426,0.99991554855249,1,0,13.29597099248631,13.978675223157662,15.856940218404668,13.795329469965633,13.345634823977287,0.5147291046621962,0.0002161349666642122,15.856940218404668,16.994995070860742,0.062009202783893394
2025-02-26,0x2c3c320d49019d4f9a92352e947c7e5acfe47d68,1239978.40704696,1.00103908973645,14.030605330223125,14.30039995486563,14.725898262564629,13.970420683838412,14.149084577043782,0.8131993314381804,1.0004698385994,2,0,13.785670850203434,13.29597099248631,13.978675223157662,15.856940218404668,14.413323459347335,-0.2697946246425058,0.0004206652344607735,15.856940218404668,17.39928210715628,-0.14569520932969857
2025-02-27,0x2c3c320d49019d4f9a92352e947c7e5acfe47d68,1476722.62944208,1.00099382800397,14.205336427852147,14.030605330223125,13.795329469965633,12.784377707965966,14.207656999598997,0.7980983032660216,1.00103908973645,3,0,14.30039995486563,13.785670850203434,13.29597099248631,13.978675223157662,15.327514045290982,0.1747310976290226,0.0004921796017506873,15.856940218404668,17.80188849100123,-0.00290762646324625
2025-02-28,0x2c3c320d49019d4f9a92352e947c7e5acfe47d68,695880.074056065,1.00068758147099,13.45293405410741,14.205336427852147,15.856940218404668,13.411708475180422,13.86422754755653,0.37541765163676055,1.00099382800397,4,0,14.030605330223125,14.30039995486563,13.785670850203434,13.29597099248631,15.13449470178941,-0.7524023737447383,0.0004833353657654884,14.30039995486563,36.930142967734014,-1.0955624799632422
2025-03-01,0x2c3c320d49019d4f9a92352e947c7e5acfe47d68,5051526.06872617,1.00037654739983,15.435201145387714,13.45293405410741,13.978675223157662,13.11311370057869,14.072302679303684,0.7068030643248253,1.00068758147099,5,1,14.205336427852147,14.030605330223125,14.30039995486563,13.785670850203434,14.48611553143849,1.9822670912803044,0.000463965479729685,15.435201145387714,19.90979296721962,1.9282577211036351
2025-03-02,0x2c3c320d49019d4f9a92352e947c7e5acfe47d68,3194838.03560414,1.00032454953411,14.977047264432052,15.435201145387714,13.29597099248631,13.803856554270517,14.312456432438788,0.6842975145824212,1.00037654739983,6,1,13.45293405410741,14.205336427852147,14.030605330223125,14.30039995486563,14.481395033820757,-0.45815388095566156,0.00039680486113906766,15.435201145387714,20.915546421606802,0.9712015867817787
2025-03-03,0x2c3c320d49019d4f9a92352e947c7e5acfe47d68,1848524.5414463,1.000249886869,14.429898874653842,14.977047264432052,13.785670850203434,13.503075628493752,14.404489007360274,0.6437621512688427,1.00032454953411,0,0,15.435201145387714,13.45293405410741,14.205336427852147,14.030605330223125,14.886833554183346,-0.5471483897782097,0.0003215597784803828,15.435201145387714,22.375482899964382,0.03947089347127382
2025-03-04,0x2c3c320d49019d4f9a92352e947c7e5acfe47d68,770072.768671056,1.00052750601785,13.55424159270991,14.429898874653842,14.30039995486563,13.897639935465298,14.297894955623745,0.7210095164245797,1.000249886869,1,0,14.977047264432052,15.435201145387714,13.45293405410741,14.205336427852147,14.93551877258836,-0.8756572819439317,0.00031864537944600906,15.435201145387714,19.830383136308242,-1.0314057525919387
2025-03-05,0x2c3c320d49019d4f9a92352e947c7e5acfe47d68,397945.737072411,1.00017818727152,12.894073448859787,13.55424159270991,14.030605330223125,14.730277016122608,14.135533258286122,0.8975773105345451,1.00052750601785,2,0,14.429898874653842,14.977047264432052,15.435201145387714,13.45293405410741,14.725898262564629,-0.6601681438501235,0.00028525069987293296,15.435201145387714,15.748541203506822,-1.3831229854584945
2025-03-06,0x2c3c320d49019d4f9a92352e947c7e5acfe47d68,472458.756879366,1.00001885289054,13.06570785166303,12.894073448859787,14.205336427852147,13.428904591871333,13.97272917597339,0.9821734320686878,1.00017818727152,3,0,13.55424159270991,14.429898874653842,14.977047264432052,15.435201145387714,13.795329469965633,0.17163440280324238,0.0002217146327645749,15.435201145387714,14.226335919658855,-0.9234838722932782
2025-03-07,0x2c3c320d49019d4f9a92352e947c7e5acfe47d68,985285.874943972,1.00000490899902,13.800688121348983,13.06570785166303,13.45293405410741,12.729855873207276,14.022408328436473,0.9600453923646852,1.00001885289054,4,0,12.894073448859787,13.55424159270991,14.429898874653842,14.977047264432052,15.856940218404668,0.7349802696859538,0.00018997626397366672,15.435201145387714,14.605984716928766,-0.2309476289880139
2025-03-08,0x2c3c320d49019d4f9a92352e947c7e5acfe47d68,343208.815693861,1.00020329016676,12.746097246693546,13.800688121348983,15.435201145387714,13.178351650064274,13.638250628623021,0.8296655348063429,1.00000490899902,5,1,13.06570785166303,12.894073448859787,13.55424159270991,14.429898874653842,13.978675223157662,-1.054590874655437,0.00018026912273130506,14.977047264432052,16.438251387417708,-1.075316913264003
2025-03-09,0x2c3c320d49019d4f9a92352e947c7e5acfe47d68,885139.1400533,1.00022496123085,13.693501261796687,12.746097246693546,14.977047264432052,13.455378635898157,13.454886913960825,0.5923666988308323,1.00020329016676,6,1,13.800688121348983,13.06570785166303,12.894073448859787,13.55424159270991,13.29597099248631,0.9474040151031407,0.00017403309624236825,14.429898874653842,22.713780063121447,0.4028152634285913
2025-03-10,0x2c3c320d49019d4f9a92352e947c7e5acfe47d68,810893.023246362,1.00016807812146,13.605892650386757,13.693501261796687,14.429898874653842,13.846744613053739,13.337171739065528,0.42437134042351365,1.00022496123085,0,0,12.746097246693546,13.800688121348983,13.06570785166303,12.894073448859787,13.785670850203434,-0.08760861140993015,0.00017295317811644122,13.800688121348983,31.428068930751337,0.6332211573313641
2025-03-11,0x2c3c320d49019d4f9a92352e947c7e5acfe47d68,680989.152359709,1.0002361117162,13.431303124468664,13.605892650386757,13.55424159270991,14.809032186651502,13.31960910074535,0.41635891566861294,1.00016807812146,1,0,13.693501261796687,12.746097246693546,13.800688121348983,13.06570785166303,14.30039995486563,-0.1745895259180923,9.592683911964359e-05,13.800688121348983,31.990690242229977,0.26826379721916915
2025-03-12,0x2c3c320d49019d4f9a92352e947c7e5acfe47d68,659296.869496237,1.00019150606969,13.398930713632856,13.431303124468664,12.894073448859787,14.001023419185447,13.391731567141504,0.37169168587070067,1.0002361117162,2,0,13.605892650386757,13.693501261796687,12.746097246693546,13.800688121348983,14.030605330223125,-0.03237241083580855,9.675918662185692e-05,13.800688121348983,36.02913940829994,0.019368597052388945
2025-03-13,0x2c3c320d49019d4f9a92352e947c7e5acfe47d68,1259621.67227096,1.00014369699441,14.046322767627009,13.398930713632856,13.06570785166303,13.345634823977287,13.531819412279216,0.41104626712083,1.00019150606969,3,0,13.431303124468664,13.605892650386757,13.693501261796687,12.746097246693546,14.205336427852147,0.6473920539941531,7.838934724497547e-05,14.046322767627009,32.92042890223217,1.2516920758133887
2025-03-14,0x2c3c320d49019d4f9a92352e947c7e5acfe47d68,589344.529736376,1.00015743027111,13.286767928551503,14.046322767627009,13.800688121348983,14.413323459347335,13.458402241879574,0.400787450501652,1.00014369699441,4,0,13.398930713632856,13.431303124468664,13.605892650386757,13.693501261796687,13.45293405410741,-0.7595548390755056,3.4663461670137934e-05,14.046322767627009,33.579899333260435,-0.42824273343202107
2025-03-15,0x2c3c320d49019d4f9a92352e947c7e5acfe47d68,443097.585445189,0.999972583345771,13.001547564777134,13.286767928551503,12.746097246693546,15.327514045290982,13.494895144462944,0.3306052906232196,1.00015743027111,5,1,14.046322767627009,13.398930713632856,13.431303124468664,13.605892650386757,15.435201145387714,-0.28522036377436955,8.791508992707917e-05,14.046322767627009,40.81875132434783,-1.4922555496793168
2025-03-16,0x2c3c320d49019d4f9a92352e947c7e5acfe47d68,366962.53250624,0.999974764373507,12.813017755631522,13.001547564777134,13.693501261796687,15.13449470178941,13.36911178643935,0.40219426495904864,0.999972583345771,6,1,13.286767928551503,14.046322767627009,13.398930713632856,13.431303124468664,14.977047264432052,-0.1885298091456118,0.00010463563693868736,14.046322767627009,33.24043366903949,-1.3826503241275074
2025-03-17,0x2c3c320d49019d4f9a92352e947c7e5acfe47d68,708950.066165218,1.00003541207535,13.471541785029752,12.813017755631522,13.605892650386757,14.48611553143849,13.349918805674063,0.3920904432442101,0.999974764373507,0,0,13.001547564777134,13.286767928551503,14.046322767627009,13.398930713632856,14.429898874653842,0.6585240293982295,0.0001065982180814275,14.046322767627009,34.04805966504821,0.3101911343448445
2025-03-18,0x2c3c320d49019d4f9a92352e947c7e5acfe47d68,774776.709440219,1.00002088899314,13.560331440664138,13.471541785029752,13.431303124468664,14.481395033820757,13.368351422273417,0.3995166317429857,1.00003541207535,1,0,12.813017755631522,13.001547564777134,13.286767928551503,14.046322767627009,13.55424159270991,0.08878965563438612,9.128839922944064e-05,14.046322767627009,33.4613138981244,0.4805307292293987
2025-03-19,0x2c3c320d49019d4f9a92352e947c7e5acfe47d68,1885916.28348504,1.00003944389102,14.44992488304038,13.560331440664138,13.398930713632856,14.886833554183346,13.51849344647449,0.5728218018710225,1.00002088899314,2,0,13.471541785029752,12.813017755631522,13.001547564777134,13.286767928551503,12.894073448859787,0.8895934423762419,7.432030313287986e-05,14.44992488304038,23.599823544283215,1.6260404780745958
2025-03-20,0x2c3c320d49019d4f9a92352e947c7e5acfe47d68,1408728.1451551,1.00014078030434,14.158198540432473,14.44992488304038,14.046322767627009,14.93551877258836,13.534475699732415,0.5912669572234484,1.00003944389102,3,0,13.560331440664138,13.471541785029752,12.813017755631522,13.001547564777134,13.06570785166303,-0.2917263426079071,7.37076992723832e-05,14.44992488304038,22.890634313964444,1.0548920975206115
2025-03-21,0x2c3c320d49019d4f9a92352e947c7e5acfe47d68,726865.342620694,1.00040156296791,13.496497891774085,14.158198540432473,13.286767928551503,14.725898262564629,13.564437123049926,0.581861818362556,1.00014078030434,4,0,14.44992488304038,13.560331440664138,13.471541785029752,12.813017755631522,13.800688121348983,-0.6617006486583872,0.0001509660159072502,14.44992488304038,23.312127888408675,-0.11676179658433793
2025-03-22,0x2c3c320d49019d4f9a92352e947c7e5acfe47d68,378751.776889812,1.00035780158992,12.844638967501115,13.496497891774085,13.001547564777134,13.795329469965633,13.542021609153352,0.6095253067053186,1.00040156296791,5,1,14.158198540432473,14.44992488304038,13.560331440664138,13.471541785029752,12.746097246693546,-0.65185892427297,0.00017242450481491103,14.44992488304038,22.217324629804722,-1.1441405860928582
2025-03-23,0x2c3c320d49019d4f9a92352e947c7e5acfe47d68,264786.629285918,1.00023586758289,12.486683384755514,12.844638967501115,12.813017755631522,15.856940218404668,13.495402413313924,0.6826669881874774,1.00035780158992,6,1,13.496497891774085,14.158198540432473,14.44992488304038,13.560331440664138,13.693501261796687,-0.3579555827456016,0.00015875923938360773,14.44992488304038,19.768646568285135,-1.4776150685660592
2025-03-24,0x2c3c320d49019d4f9a92352e947c7e5acfe47d68,450156.40098416,0.999960616822915,13.017352580552553,12.486683384755514,13.471541785029752,13.978675223157662,13.43051824124575,0.7064816491001983,1.00023586758289,0,0,12.844638967501115,13.496497891774085,14.158198540432473,14.44992488304038,13.605892650386757,0.5306691957970386,0.00017177870973068466,14.44992488304038,19.01042760042156,-0.5848215041670631
2025-03-25,0x2c3c320d49019d4f9a92352e947c7e5acfe47d68,606967.640704568,0.999895524373301,13.316232405946884,13.017352580552553,13.560331440664138,13.29597099248631,13.395646950571859,0.705029037239589,0.999960616822915,1,0,12.486683384755514,12.844638967501115,13.496497891774085,14.158198540432473,13.431303124468664,0.2988798253943319,0.00019438869097486035,14.44992488304038,19.00013509091773,-0.11264010477626105
2025-03-26,0x2c3c320d49019d4f9a92352e947c7e5acfe47d68,546168.766660238,0.999838629866318,13.210685134348118,13.316232405946884,14.44992488304038,13.785670850203434,13.218612700758678,0.53004979253968,0.999895524373301,2,0,13.017352580552553,12.486683384755514,12.844638967501115,13.496497891774085,13.398930713632856,-0.1055472715987662,0.00022532707350088072,14.158198540432473,24.93843575982368,-0.014956267358536047
2025-03-27,0x2c3c320d49019d4f9a92352e947c7e5acfe47d68,1171036.23009295,0.999993054997768,13.973400435492858,13.210685134348118,14.158198540432473,14.30039995486563,13.19221297148159,0.4774447699082523,0.999838629866318,3,0,13.316232405946884,13.017352580552553,12.486683384755514,12.844638967501115,14.046322767627009,0.7627153011447394,0.00022978628194123056,13.973400435492858,27.630867071843006,1.6361839384300088
2025-03-28,0x2c3c320d49019d4f9a92352e947c7e5acfe47d68,631357.99083031,1.00037103858794,13.355629903408987,13.973400435492858,13.496497891774085,14.030605330223125,13.172088973143717,0.46529596381154664,0.999993054997768,4,0,13.210685134348118,13.316232405946884,13.017352580552553,12.486683384755514,13.286767928551503,-0.6177705320838704,0.00022325293789168972,13.973400435492858,28.30905487604585,0.3944606111812567
2025-03-29,0x2c3c320d49019d4f9a92352e947c7e5acfe47d68,389979.702411466,1.00046615792029,12.873852535885364,13.355629903408987,12.844638967501115,14.205336427852147,13.176262340055754,0.4619887356147398,1.00037103858794,5,1,13.973400435492858,13.210685134348118,13.316232405946884,13.017352580552553,13.001547564777134,-0.4817773675236232,0.000247134717793382,13.973400435492858,28.52074374177742,-0.6545826355874294
2025-03-30,0x2c3c320d49019d4f9a92352e947c7e5acfe47d68,268617.706020233,1.00033687911708,12.501048203312878,12.873852535885364,12.486683384755514,13.45293405410741,13.178314456992522,0.45843339530522087,1.00046615792029,6,1,13.355629903408987,13.973400435492858,13.210685134348118,13.316232405946884,12.813017755631522,-0.37280433257248546,0.000258486038766567,13.973400435492858,28.746410257085476,-1.4773492957003027
2025-03-31,0x2c3c320d49019d4f9a92352e947c7e5acfe47d68,522297.435806514,1.00010429689547,13.16599441960182,12.501048203312878,13.017352580552553,15.435201145387714,13.19954900542813,0.4531471032144385,1.00033687911708,0,0,12.873852535885364,13.355629903408987,13.973400435492858,13.210685134348118,13.471541785029752,0.664946216288941,0.0002489596855697674,13.973400435492858,29.12861830473146,-0.07404788773510353
2025-04-01,0x2c3c320d49019d4f9a92352e947c7e5acfe47d68,638478.728884785,1.0001616691879,13.36684520592379,13.16599441960182,13.316232405946884,14.977047264432052,13.20677940542483,0.4557157072241239,1.00010429689547,1,0,12.501048203312878,12.873852535885364,13.355629903408987,13.973400435492858,13.560331440664138,0.20085078632197018,0.00022380143390279893,13.973400435492858,28.980303281338625,0.3512404728684137
2025-04-02,0x2c3c320d49019d4f9a92352e947c7e5acfe47d68,582591.052383722,1.0000730530032,13.275242481779893,13.36684520592379,13.210685134348118,14.429898874653842,13.216001883629371,0.4564605485400035,1.0001616691879,2,0,13.16599441960182,12.501048203312878,12.873852535885364,13.355629903408987,14.44992488304038,-0.09160272414389681,0.00017644194465024475,13.973400435492858,28.9532182483261,0.12978251535648835
2025-04-03,0x2c3c320d49019d4f9a92352e947c7e5acfe47d68,783655.058482043,1.00020825640271,13.571725502159383,13.275242481779893,13.973400435492858,13.55424159270991,13.158619750296015,0.36054938544638915,1.0000730530032,3,0,13.36684520592379,13.16599441960182,12.501048203312878,12.873852535885364,14.158198540432473,0.29648302037949037,0.0001476989114486665,13.571725502159383,36.49602601320367,1.1457674552736568
2025-04-04,0x2c3c320d49019d4f9a92352e947c7e5acfe47d68,638588.696846381,1.00033530105446,13.367017425162075,13.571725502159383,13.355629903408987,12.894073448859787,13.160246539117887,0.3616105689461846,1.00020825640271,4,0,13.275242481779893,13.36684520592379,13.16599441960182,12.501048203312878,13.496497891774085,-0.2047080769973082,0.000143201933110702,13.571725502159383,36.393423393209545,0.5718054277195969
2025-04-05,0x2c3c320d49019d4f9a92352e947c7e5acfe47d68,438189.8830237,1.00037269676546,12.990409900412917,13.367017425162075,12.873852535885364,13.06570785166303,13.176897591193251,0.3486773526375632,1.00033530105446,5,1,13.571725502159383,13.275242481779893,13.36684520592379,13.16599441960182,12.844638967501115,-0.3766075247491578,0.00012138357500667571,13.571725502159383,37.791091080383794,-0.5348431418606998
2025-04-06,0x2c3c320d49019d4f9a92352e947c7e5acfe47d68,845581.555817913,1.00045121809242,13.647781083970969,12.990409900412917,12.501048203312878,13.800688121348983,13.340716574144405,0.22603747178298322,1.00037269676546,6,1,13.367017425162075,13.571725502159383,13.275242481779893,13.36684520592379,12.486683384755514,0.6573711835580518,0.00014412584384949039,13.647781083970969,59.01993359292534,1.3584672815727539
2025-04-07,0x2c3c320d49019d4f9a92352e947c7e5acfe47d68,920811.604527796,1.00066874669372,13.73301182496662,13.647781083970969,13.16599441960182,12.746097246693546,13.421719060625092,0.25298074522169495,1.00045121809242,0,0,12.990409900412917,13.367017425162075,13.571725502159383,13.275242481779893,13.017352580552553,0.08523074099565164,0.00020010615805110812,13.73301182496662,53.054310709944424,1.2304998313953421
2025-04-08,0x2c3c320d49019d4f9a92352e947c7e5acfe47d68,414832.157206032,1.00048989726332,12.935631687547938,13.73301182496662,13.36684520592379,13.693501261796687,13.360117129428543,0.3137678955222586,1.00066874669372,1,0,13.647781083970969,12.990409900412917,13.367017425162075,13.571725502159383,13.316232405946884,-0.7973801374186831,0.00019397556033344746,13.73301182496662,42.57961799179923,-1.3528644833917542
2025-04-09,0x2c3c320d49019d4f9a92352e947c7e5acfe47d68,809717.827887954,1.00063295930194,13.60444234032217,12.935631687547938,13.275242481779893,13.605892650386757,13.407145680648867,0.32344784845431573,1.00048989726332,2,0,13.73301182496662,13.647781083970969,12.990409900412917,13.367017425162075,13.210685134348118,0.6688106527742317,0.00016354272427883352,13.73301182496662,41.45071839160035,0.6099798178165439
2025-04-10,0x2c3c320d49019d4f9a92352e947c7e5acfe47d68,538383.310470838,1.00048509813114,13.196327915860628,13.60444234032217,13.571725502159383,13.431303124468664,13.35351745403476,0.3227322857239968,1.00063295930194,3,0,12.935631687547938,13.73301182496662,13.647781083970969,12.990409900412917,13.973400435492858,-0.4081144244615409,0.00012356012590373166,13.73301182496662,41.37645362650452,-0.48705860903105014
2025-04-11,0x2c3c320d49019d4f9a92352e947c7e5acfe47d68,788479.803391147,1.00056956574829,13.57786333935792,13.196327915860628,13.367017425162075,13.398930713632856,13.38363829891988,0.33384995118981553,1.00048509813114,4,0,13.60444234032217,12.935631687547938,13.73301182496662,13.647781083970969,13.355629903408987,0.38153542349729186,0.00010469441165507418,13.73301182496662,40.088783153095044,0.5817734576442254
2025-04-12,0x2c3c320d49019d4f9a92352e947c7e5acfe47d68,589601.107008381,1.00043592073851,13.287203193474319,13.57786333935792,12.990409900412917,14.046322767627009,13.426037340785793,0.2917824944396555,1.00056956574829,5,1,13.196327915860628,13.60444234032217,12.935631687547938,13.73301182496662,12.873852535885364,-0.2906601458836011,9.130567002092956e-05,13.73301182496662,46.01385482898625,-0.4758138337877603
2025-04-13,0x2c3c320d49019d4f9a92352e947c7e5acfe47d68,530963.068192732,1.00028913526075,13.182449629747536,13.287203193474319,13.647781083970969,13.286767928551503,13.359561418753875,0.2857894015487905,1.00043592073851,6,1,13.57786333935792,13.196327915860628,13.60444234032217,12.935631687547938,12.501048203312878,-0.10475356372678313,0.00012855642347439443,13.73301182496662,46.74617514279341,-0.6197283315844688
2025-04-14,0x2c3c320d49019d4f9a92352e947c7e5acfe47d68,1131032.81257087,1.00021620268364,13.938642650823674,13.182449629747536,13.73301182496662,13.001547564777134,13.38893725101917,0.33662114783332614,1.00028913526075,0,0,13.287203193474319,13.57786333935792,13.196327915860628,13.60444234032217,13.16599441960182,0.7561930210761378,0.00014786895710964618,13.938642650823674,39.77449823695729,1.6330091063581125
2025-04-15,0x2c3c320d49019d4f9a92352e947c7e5acfe47d68,527222.289773672,1.00009477170718,13.17537943754839,13.938642650823674,12.935631687547938,12.813017755631522,13.423186929590662,0.2920594989200122,1.00021620268364,1,0,13.182449629747536,13.287203193474319,13.57786333935792,13.196327915860628,13.36684520592379,-0.7632632132752839,0.00019577139854778407,13.938642650823674,45.96045319267954,-0.8484829048828915
2025-04-16,0x2c3c320d49019d4f9a92352e947c7e5acfe47d68,977587.034771997,1.00008166406693,13.79284362793422,13.17537943754839,13.60444234032217,13.471541785029752,13.450101399249528,0.3189865032223513,1.00009477170718,2,0,13.938642650823674,13.182449629747536,13.287203193474319,13.57786333935792,13.275242481779893,0.6174641903858298,0.00019217299555901232,13.938642650823674,42.16511126138168,1.074472509721852
2025-04-17,0x2c3c320d49019d4f9a92352e947c7e5acfe47d68,950087.996305474,1.00013932887106,13.764310939510548,13.79284362793422,13.196327915860628,13.560331440664138,13.531241831199514,0.315899404312151,1.00008166406693,3,0,13.17537943754839,13.938642650823674,13.182449629747536,13.287203193474319,13.571725502159383,-0.02853268842367207,0.0001840314918494657,13.938642650823674,42.83402135772574,0.7377953396858702
2025-04-18,0x2c3c320d49019d4f9a92352e947c7e5acfe47d68,535670.84763313,1.00007733162738,13.191277028001897,13.764310939510548,13.57786333935792,14.44992488304038,13.476015215291511,0.3393148121647287,1.00013932887106,4,0,13.79284362793422,13.17537943754839,13.938642650823674,13.182449629747536,13.367017425162075,-0.5730339115086505,0.0001335761383734347,13.938642650823674,39.71537561039112,-0.839156373613897
2025-04-19,0x2c3c320d49019d4f9a92352e947c7e5acfe47d68,377969.101420719,1.00009506852861,12.842570374702825,13.191277028001897,13.287203193474319,14.158198540432473,13.4124962411813,0.4139579319423539,1.00007733162738,5,1,13.764310939510548,13.79284362793422,13.17537943754839,13.938642650823674,12.990409900412917,-0.3487066532990717,8.105288470456553e-05,13.938642650823674,32.40062626230597,-1.3767724266191015
2025-04-20,0x2c3c320d49019d4f9a92352e947c7e5acfe47d68,518754.463846744,1.00008820125204,13.159187883188192,12.842570374702825,13.182449629747536,13.496497891774085,13.409173134529965,0.4161997509290135,1.00009506852861,6,1,13.191277028001897,13.764310939510548,13.79284362793422,13.17537943754839,13.647781083970969,0.3166175084853666,4.97771894500682e-05,13.938642650823674,32.2181190752731,-0.600637676461318
2025-04-21,0x2c3c320d49019d4f9a92352e947c7e5acfe47d68,981135.233220257,1.00003109684161,13.796466600689863,13.159187883188192,13.938642650823674,12.844638967501115,13.388862270225133,0.38860947359880166,1.00008820125204,0,0,12.842570374702825,13.191277028001897,13.764310939510548,13.79284362793422,13.73301182496662,0.6372787175016708,3.191663501933732e-05,13.796466600689863,34.453257524153216,1.0488790370704073
2025-04-22,0x2c3c320d49019d4f9a92352e947c7e5acfe47d68,1242144.33222032,0.999860329246821,14.032350549300023,13.796466600689863,13.17537943754839,12.486683384755514,13.511286714761082,0.4415299104522737,1.00003109684161,1,0,13.159187883188192,12.842570374702825,13.191277028001897,13.764310939510548,12.935631687547938,0.2358839486101605,9.080785975982566e-05,14.032350549300023,30.601067775727866,1.180132584914168
2025-04-23,0x2c3c320d49019d4f9a92352e947c7e5acfe47d68,798413.150613759,0.999730868377963,13.590382727536957,14.032350549300023,13.79284362793422,13.017352580552553,13.482363728990043,0.4263836459270044,0.999860329246821,2,0,13.796466600689863,13.159187883188192,12.842570374702825,13.191277028001897,13.60444234032217,-0.4419678217630665,0.00015002577610501833,14.032350549300023,31.62026465550272,0.25333757422162245
2025-04-24,0x2c3c320d49019d4f9a92352e947c7e5acfe47d68,962258.175628804,0.99971365077432,13.777039106698142,13.590382727536957,13.764310939510548,13.316232405946884,13.484182038588271,0.42781115110185836,0.999730868377963,3,0,14.032350549300023,13.796466600689863,13.159187883188192,12.842570374702825,13.196327915860628,0.18665637916118527,0.00017051236183752392,14.032350549300023,31.51900553283567,0.6845475330776374
2025-04-25,0x2c3c320d49019d4f9a92352e947c7e5acfe47d68,930653.152918485,0.999573330501529,13.7436430081014,13.777039106698142,13.191277028001897,13.210685134348118,13.563091464316772,0.41554663862496827,0.99971365077432,4,0,13.590382727536957,14.032350549300023,13.796466600689863,13.159187883188192,13.57786333935792,-0.033396098596742974,0.00020661070441986687,14.032350549300023,32.63915576166528,0.43449164787393096
2025-04-26,0x2c3c320d49019d4f9a92352e947c7e5acfe47d68,526897.46912325,0.999524098999366,13.174763150752371,13.7436430081014,12.842570374702825,13.973400435492858,13.610547575180991,0.3296355852968202,0.999573330501529,5,1,13.777039106698142,13.590382727536957,14.032350549300023,13.796466600689863,13.287203193474319,-0.5688798573490281,0.0002156240964075856,14.032350549300023,41.2896792162939,-1.322018749997057
2025-04-27,0x2c3c320d49019d4f9a92352e947c7e5acfe47d68,794891.856297817,0.99968246227567,13.585962612601481,13.174763150752371,13.159187883188192,13.355629903408987,13.671515393668605,0.26546093220255496,0.999524098999366,6,1,13.7436430081014,13.777039106698142,13.590382727536957,14.032350549300023,13.182449629747536,0.41119946184910994,0.00017180832035690145,14.032350549300023,51.50104491924564,-0.3222801199306173
2025-04-28,0x2c3c320d49019d4f9a92352e947c7e5acfe47d68,2696246.95097956,0.999664279270057,14.807371716733266,13.585962612601481,13.796466600689863,12.873852535885364,13.815930410246235,0.5084918784296015,0.99968246227567,0,0,13.174763150752371,13.7436430081014,13.777039106698142,13.590382727536957,13.938642650823674,1.2214091041317854,0.00010966470653166064,14.807371716733266,27.170405263727314,1.949768223533822
2025-04-29,0x2c3c320d49019d4f9a92352e947c7e5acfe47d68,1706734.91903933,0.999743960540093,14.35009328508644,14.807371716733266,14.032350549300023,12.501048203312878,13.861322229644292,0.5439750793870403,0.999664279270057,1,0,13.585962612601481,13.174763150752371,13.7436430081014,13.777039106698142,13.17537943754839,-0.45727843164682547,8.309712366345286e-05,14.807371716733266,25.48153905370711,0.8985173658927765
2025-04-30,0x2c3c320d49019d4f9a92352e947c7e5acfe47d68,1679632.64982765,0.999814357340715,14.334086262020907,14.35009328508644,13.590382727536957,13.16599441960182,13.967565591713429,0.5547578112091461,0.999743960540093,2,0,14.807371716733266,13.585962612601481,13.174763150752371,13.7436430081014,13.79284362793422,-0.016007023065533588,9.911030084076592e-05,14.807371716733266,25.17777183032326,0.6606859117650306
2025-05-01,0x2c3c320d49019d4f9a92352e947c7e5acfe47d68,1000238.12284901,0.9998579072092,13.815749652227973,14.334086262020907,13.777039106698142,13.36684520592379,13.973095669646264,0.5527312548067317,0.999814357340715,3,0,14.35009328508644,14.807371716733266,13.585962612601481,13.174763150752371,13.764310939510548,-0.518336609792934,0.00012130582343804821,14.807371716733266,25.280089642356312,-0.28467002010463344
2025-05-02,0x2c3c320d49019d4f9a92352e947c7e5acfe47d68,1880529.16415867,0.99970821350961,14.44706429726304,13.815749652227973,13.7436430081014,13.275242481779893,14.073584425240783,0.5678002651035123,0.9998579072092,4,0,14.334086262020907,14.35009328508644,14.807371716733266,13.585962612601481,13.191277028001897,0.6313146450350668,0.00010896490997621682,14.807371716733266,24.786153318676437,0.6577662868018921
2025-05-03,0x2c3c320d49019d4f9a92352e947c7e5acfe47d68,677257.12507154,0.999729799360738,13.42580775702789,14.44706429726304,13.174763150752371,13.571725502159383,14.109447940423,0.5061479415923704,0.99970821350961,5,1,13.815749652227973,14.334086262020907,14.35009328508644,14.807371716733266,12.842570374702825,-1.0212565402351501,7.016953940403211e-05,14.807371716733266,27.876134191188978,-1.3506726536205171
2025-05-04,0x2c3c320d49019d4f9a92352e947c7e5acfe47d68,1146216.37122074,0.999832983098118,13.951977836473276,13.42580775702789,13.585962612601481,13.367017425162075,14.16173582954754,0.45984349047964057,0.999729799360738,6,1,14.44706429726304,13.815749652227973,14.334086262020907,14.35009328508644,13.159187883188192,0.5261700794453859,7.157625697363305e-05,14.807371716733266,30.796860503072722,-0.45615083700648923
2025-05-05,0x2c3c320d49019d4f9a92352e947c7e5acfe47d68,687754.038970544,0.999947028747611,13.441188005507408,13.951977836473276,14.807371716733266,12.990409900412917,13.966566727943848,0.42903823349058057,0.999832983098118,0,0,13.42580775702789,14.44706429726304,13.815749652227973,14.334086262020907,13.796466600689863,-0.5107898309658676,8.425205010052925e-05,14.44706429726304,32.553198381212525,-1.224549891887418
2025-05-06,0x2c3c320d49019d4f9a92352e947c7e5acfe47d68,691900.387416412,1.00012829498949,13.447198720711675,13.441188005507408,14.35009328508644,13.647781083970969,13.837581790176026,0.43023899220591794,0.999947028747611,1,0,13.951977836473276,13.42580775702789,14.44706429726304,13.815749652227973,14.032350549300023,0.006010715204267214,0.00014280803443970507,14.44706429726304,32.162546958442995,-0.9073632946720939
2025-05-07,0x2c3c320d49019d4f9a92352e947c7e5acfe47d68,1091531.11771806,1.00003654300573,13.903092879842069,13.447198720711675,14.334086262020907,13.73301182496662,13.77601130700762,0.3745824528748222,1.00012829498949,2,0,13.441188005507408,13.951977836473276,13.42580775702789,14.44706429726304,13.590382727536957,0.4558941591303931,0.00015518081371026303,14.44706429726304,36.77697981120136,0.3392619484952901
2025-05-08,0x2c3c320d49019d4f9a92352e947c7e5acfe47d68,987883.325376505,0.999906772426145,13.80332089029722,13.903092879842069,13.815749652227973,12.935631687547938,13.77423576958894,0.3743921058500553,1.00003654300573,3,0,13.447198720711675,13.441188005507408,13.951977836473276,13.42580775702789,13.777039106698142,-0.09977198954484834,0.0001545134281890585,14.44706429726304,36.79093537059124,0.07768625527571724
2025-05-09,0x2c3c320d49019d4f9a92352e947c7e5acfe47d68,1590564.33447758,1.00002735673027,14.27960006727647,13.80332089029722,14.44706429726304,13.60444234032217,13.750312308162288,0.3265234078428165,0.999906772426145,4,0,13.903092879842069,13.447198720711675,13.441188005507408,13.951977836473276,13.7436430081014,0.47627917697924893,0.00013483251396230456,14.27960006727647,42.11126056476013,1.6209795267388918
2025-05-10,0x2c3c320d49019d4f9a92352e947c7e5acfe47d68,1048332.61387193,0.99989764340383,13.862712427052918,14.27960006727647,13.42580775702789,13.196327915860628,13.812727261023005,0.2943259003925103,1.00002735673027,5,1,13.80332089029722,13.903092879842069,13.447198720711675,13.441188005507408,13.174763150752371,-0.4168876402235515,0.0001010643499852763,14.27960006727647,46.930043338362275,0.16982931493034584
2025-05-11,0x2c3c320d49019d4f9a92352e947c7e5acfe47d68,1138582.06731918,0.999885445424513,13.94529512389651,13.862712427052918,13.951977836473276,13.57786333935792,13.811772587797753,0.2938093343048684,0.99989764340383,6,1,14.27960006727647,13.80332089029722,13.903092879842069,13.447198720711675,13.585962612601481,0.08258269684359298,9.079940964436541e-05,14.27960006727647,47.00930493061225,0.45445300917574877
2025-05-12,0x2c3c320d49019d4f9a92352e947c7e5acfe47d68,5555844.41842094,0.999889223746292,15.530361160010886,13.94529512389651,13.441188005507408,13.287203193474319,14.110225895583964,0.6721404440242358,0.999885445424513,0,0,13.862712427052918,14.27960006727647,13.80332089029722,13.903092879842069,14.807371716733266,1.585066036114375,9.62916474674156e-05,15.530361160010886,20.992972556603338,2.112854950260569
2025-05-13,0x2c3c320d49019d4f9a92352e947c7e5acfe47d68,4752690.11804439,0.999947952697686,15.374221566748544,15.530361160010886,13.447198720711675,13.182449629747536,14.38551487358923,0.7459030914696597,0.999889223746292,1,0,13.94529512389651,13.862712427052918,14.27960006727647,13.80332089029722,14.35009328508644,-0.15613959326234195,6.51287041110607e-05,15.530361160010886,19.286037339308137,1.3255162828340998
2025-05-14,0x2c3c320d49019d4f9a92352e947c7e5acfe47d68,9208836.6833471,0.999925618880547,16.03567419867642,15.374221566748544,13.903092879842069,13.938642650823674,14.690169347708423,0.9290517485676207,0.999947952697686,2,0,15.530361160010886,13.94529512389651,13.862712427052918,14.27960006727647,14.334086262020907,0.6614526319278777,4.987593221628138e-05,16.03567419867642,15.812003336043668,1.448256088040801
2025-05-15,0x2c3c320d49019d4f9a92352e947c7e5acfe47d68,2594155.86276083,0.999798967033943,14.768772113410634,16.03567419867642,13.80332089029722,13.17537943754839,14.82809095101034,0.8431433781650204,0.999925618880547,3,0,15.374221566748544,15.530361160010886,13.94529512389651,13.862712427052918,13.815749652227973,-1.2669020852657873,6.948842509926872e-05,16.03567419867642,17.586677823742786,-0.07035438946197471
2025-05-16,0x2c3c320d49019d4f9a92352e947c7e5acfe47d68,2811405.19012392,0.999708079896928,14.849195339671475,14.768772113410634,14.27960006727647,13.79284362793422,14.909461704209624,0.8081459528048551,0.999798967033943,4,0,16.03567419867642,15.374221566748544,15.530361160010886,13.94529512389651,14.44706429726304,0.08042322626084086,8.327650297260307e-05,16.03567419867642,18.448971565671933,-0.07457361424503266
2025-05-17,0x2c3c320d49019d4f9a92352e947c7e5acfe47d68,1175120.73820628,0.999663884324313,13.97688230717763,14.849195339671475,13.862712427052918,13.764310939510548,14.925771687084586,0.7842998427429823,0.999708079896928,5,1,14.768772113410634,16.03567419867642,15.374221566748544,15.530361160010886,13.42580775702789,-0.8723130324938442,0.00011033842841384147,16.03567419867642,19.030695753914376,-1.2098553744297014
2025-05-18,0x2c3c320d49019d4f9a92352e947c7e5acfe47d68,1266356.54565014,0.99962849091084,14.051655263337404,13.97688230717763,13.94529512389651,13.191277028001897,14.940965992718999,0.7628768601809732,0.999663884324313,6,1,14.849195339671475,14.768772113410634,16.03567419867642,15.374221566748544,13.951977836473276,0.07477295615977297,0.00013026912326809885,16.03567419867642,19.58502973753147,-1.1657329980760462
2025-05-19,0x2c3c320d49019d4f9a92352e947c7e5acfe47d68,3857517.63439744,0.999744961243412,15.165534693900575,14.051655263337404,15.530361160010886,12.842570374702825,14.888847926131811,0.7275434707593449,0.99962849091084,0,0,13.97688230717763,14.849195339671475,14.768772113410634,16.03567419867642,13.441188005507408,1.1138794305631716,0.0001240686939438539,16.03567419867642,20.46454751438036,0.380302729512488
2025-05-20,0x2c3c320d49019d4f9a92352e947c7e5acfe47d68,5297052.60937934,0.99966825374576,15.482661301181386,15.165534693900575,15.374221566748544,13.159187883188192,14.904339316765075,0.7406375499261072,0.999744961243412,1,0,14.051655263337404,13.97688230717763,14.849195339671475,14.768772113410634,13.447198720711675,0.31712660728081055,0.00010173613577855183,16.03567419867642,20.12366145660866,0.7808434563897249
2025-05-21,0x2c3c320d49019d4f9a92352e947c7e5acfe47d68,12741719.4864354,0.999497082332473,16.360392245021433,15.482661301181386,16.03567419867642,13.796466600689863,14.950727609100076,0.8282886253552701,0.99966825374576,2,0,15.165534693900575,14.051655263337404,13.97688230717763,14.849195339671475,13.903092879842069,0.8777309438400476,9.601231375789513e-05,16.360392245021433,18.05014236756831,1.7019002709553555
2025-05-22,0x2c3c320d49019d4f9a92352e947c7e5acfe47d68,23877338.4783051,0.999694161501417,16.988440428150607,16.360392245021433,14.768772113410634,14.032350549300023,15.26782308263436,1.1203936240236667,0.999497082332473,3,0,15.482661301181386,15.165534693900575,14.051655263337404,13.97688230717763,13.80332089029722,0.6280481831291738,7.987780903811835e-05,16.988440428150607,13.627195617021691,1.5357257562186128
2025-05-23,0x2c3c320d49019d4f9a92352e947c7e5acfe47d68,11746605.4732106,0.999789619403909,16.279074946049988,16.988440428150607,14.849195339671475,13.590382727536957,15.472091597831291,1.160961741868597,0.999694161501417,4,0,16.360392245021433,15.482661301181386,15.165534693900575,14.051655263337404,14.27960006727647,-0.709365482100619,9.325051048143752e-05,16.988440428150607,13.32696077730225,0.6950990020737837
2025-05-24,0x2c3c320d49019d4f9a92352e947c7e5acfe47d68,17087704.5163577,0.999715192287551,16.653869787234346,16.279074946049988,13.97688230717763,13.777039106698142,15.854518380696534,1.018511180827072,0.999789619403909,5,1,16.988440428150607,16.360392245021433,15.482661301181386,15.165534693900575,13.862712427052918,0.37479484118435735,9.47407034446093e-05,16.988440428150607,15.566366554584143,0.784823398687399
2025-05-25,0x2c3c320d49019d4f9a92352e947c7e5acfe47d68,35313957.7374573,0.999617241800688,17.379788875397047,16.653869787234346,14.051655263337404,13.7436430081014,16.329966039562198,0.7871860729461985,0.999715192287551,6,1,16.279074946049988,16.988440428150607,16.360392245021433,15.482661301181386,13.94529512389651,0.7259190881627013,9.57867924733982e-05,17.379788875397047,20.744734441812586,1.3336400019193606
2025-05-26,0x2c3c320d49019d4f9a92352e947c7e5acfe47d68,69952512.0102769,0.999482810823911,18.063327184238553,17.379788875397047,15.165534693900575,13.174763150752371,16.743936395324763,0.8333678451126127,0.999617241800688,0,0,16.653869787234346,16.279074946049988,16.988440428150607,16.360392245021433,15.530361160010886,0.6835383088415057,0.00011356971806608123,18.063327184238553,20.091891586076446,1.583203379697847
2025-05-27,0x2c3c320d49019d4f9a92352e947c7e5acfe47d68,48025729.2690891,0.999584928088381,17.687247472522838,18.063327184238553,15.482661301181386,13.585962612601481,17.058877276944973,0.6796712936478985,0.999482810823911,1,0,17.379788875397047,16.653869787234346,16.279074946049988,16.988440428150607,15.374221566748544,-0.37607971171571464,0.00011420664327565305,18.063327184238553,25.098716742011277,0.9245207226648015
2025-05-28,0x2c3c320d49019d4f9a92352e947c7e5acfe47d68,52694386.4239722,0.999492885860402,17.780019507346125,17.687247472522838,16.360392245021433,14.807371716733266,17.26168117156279,0.6475565925584805,0.999584928088381,2,0,18.063327184238553,17.379788875397047,16.653869787234346,16.279074946049988,16.03567419867642,0.09277203482328744,0.00011500353766968901,18.063327184238553,26.656637226658912,0.8004525654435972
2025-05-29,0x2c3c320d49019d4f9a92352e947c7e5acfe47d68,34614083.3526488,0.999678467078177,17.35977121941589,17.780019507346125,16.988440428150607,14.35009328508644,17.314728427457826,0.636558496594137,0.999492885860402,3,0,17.687247472522838,18.063327184238553,17.379788875397047,16.653869787234346,14.768772113410634,-0.42024828793023516,0.00011358063150490698,18.063327184238553,27.200529912174773,0.07075986291764745
2025-05-30,0x2c3c320d49019d4f9a92352e947c7e5acfe47d68,29602313.708735,0.999699573772411,17.203363115856284,17.35977121941589,16.279074946049988,14.334086262020907,17.44676959457301,0.4562565666926667,0.999678467078177,4,0,17.780019507346125,17.687247472522838,18.063327184238553,17.379788875397047,14.849195339671475,-0.1564081035596061,9.51755384638963e-05,18.063327184238553,38.23894463819325,-0.533485973651083
2025-05-31,0x2c3c320d49019d4f9a92352e947c7e5acfe47d68,28740885.2371608,0.999542483322842,17.17383127450579,17.203363115856284,16.653869787234346,13.815749652227973,17.52104980704036,0.33070699524784264,0.999699573772411,5,1,17.35977121941589,17.780019507346125,17.687247472522838,18.063327184238553,13.97688230717763,-0.029531841350493693,8.528037163822866e-05,18.063327184238553,52.98058419934393,-1.0499279952466072
2025-06-01,0x2c3c320d49019d4f9a92352e947c7e5acfe47d68,33069865.0148182,0.999463259981384,17.314133033386966,17.17383127450579,17.379788875397047,14.44706429726304,17.51167040103892,0.3362654675121414,0.999542483322842,6,1,17.203363115856284,17.35977121941589,17.780019507346125,17.687247472522838,14.051655263337404,0.1403017588811757,9.50258949719717e-05,18.063327184238553,52.07692163753518,-0.5874447028814656
2025-06-02,0x2c3c320d49019d4f9a92352e947c7e5acfe47d68,39948680.4546559,0.999474986143063,17.50310622474217,17.314133033386966,18.063327184238553,13.42580775702789,17.43163883539658,0.23429310916680274,0.999463259981384,0,0,17.17383127450579,17.203363115856284,17.35977121941589,17.780019507346125,15.165534693900575,0.18897319135520263,9.617218404239015e-05,17.780019507346125,74.40098813570437,0.30503410706252626
2025-06-03,0x2c3c320d49019d4f9a92352e947c7e5acfe47d68,71268782.3900129,0.999354540141584,18.081968968896163,17.50310622474217,17.687247472522838,13.951977836473276,17.488027620592767,0.3328401036311109,0.999474986143063,1,0,17.314133033386966,17.17383127450579,17.203363115856284,17.35977121941589,15.482661301181386,0.5788627441539944,0.00012287926315424945,18.081968968896163,52.54182843295493,1.7844644975886153
2025-06-04,0x2c3c320d49019d4f9a92352e947c7e5acfe47d68,11893116.3460997,0.999315244891677,16.2914704164815,18.081968968896163,17.780019507346125,13.441188005507408,17.27537775046925,0.531451678180775,0.999354540141584,2,0,17.50310622474217,17.314133033386966,17.17383127450579,17.203363115856284,16.360392245021433,-1.7904985524146646,0.00014755624753069632,18.081968968896163,32.50601787467303,-1.851358033821284
2025-06-05,0x2c3c320d49019d4f9a92352e947c7e5acfe47d68,11687704.3525791,0.999502296550571,16.27404802269887,16.2914704164815,17.35977121941589,13.447198720711675,17.120274436652533,0.6483035577392667,0.999315244891677,3,0,18.081968968896163,17.50310622474217,17.314133033386966,17.17383127450579,16.988440428150607,-0.017422393782627665,0.000126356273851805,18.081968968896163,26.40780577597559,-1.3052934907600964
2025-06-06,0x2c3c320d49019d4f9a92352e947c7e5acfe47d68,9896971.09981964,0.9993714322748,16.10773941982056,16.27404802269887,17.203363115856284,13.903092879842069,16.96375676579029,0.7492912184767744,0.999502296550571,4,0,16.2914704164815,18.081968968896163,17.50310622474217,17.314133033386966,16.279074946049988,-0.16630860287830984,8.492485938118982e-05,18.081968968896163,22.63973785823317,-1.1424361114359847
2025-06-07,0x2c3c320d49019d4f9a92352e947c7e5acfe47d68,12187279.7246953,0.999238363247806,16.31590340230651,16.10773941982056,17.17383127450579,13.80332089029722,16.84119564119039,0.7787873112561285,0.9993714322748,5,1,16.27404802269887,16.2914704164815,18.081968968896163,17.50310622474217,16.653869787234346,0.20816398248594936,9.606459777578066e-05,18.081968968896163,21.62489732148658,-0.6745002535244563
2025-06-08,0x2c3c320d49019d4f9a92352e947c7e5acfe47d68,10683345.6728196,0.999418393716186,16.184196701287924,16.31590340230651,17.314133033386966,14.27960006727647,16.679776165176243,0.781520116661518,0.999238363247806,6,1,16.10773941982056,16.27404802269887,16.2914704164815,18.081968968896163,17.379788875397047,-0.1317067010185866,9.164736899192051e-05,18.081968968896163,21.34273425542592,-0.6341224663612393
2025-06-09,0x2c3c320d49019d4f9a92352e947c7e5acfe47d68,15038054.2857373,0.999413239249793,16.52609456531562,16.184196701287924,17.50310622474217,13.862712427052918,16.54020307097245,0.692101059967803,0.999418393716186,0,0,16.31590340230651,16.10773941982056,16.27404802269887,16.2914704164815,18.063327184238553,0.34189786402769684,8.386737181500514e-05,18.081968968896163,23.898537406866435,-0.020385036915685693
2025-06-10,0x2c3c320d49019d4f9a92352e947c7e5acfe47d68,12661467.627752,0.999611960440126,16.354073973303862,16.52609456531562,18.081968968896163,13.94529512389651,16.293360928744978,0.1323555300403784,0.999413239249793,1,0,16.184196701287924,16.31590340230651,16.10773941982056,16.27404802269887,17.687247472522838,-0.17202059201175857,0.00012200592257700802,16.52609456531562,123.10298575189323,0.4587118085688486
2025-06-11,0x2c3c320d49019d4f9a92352e947c7e5acfe47d68,10349704.183682,0.999799529686438,16.15246859260155,16.354073973303862,16.2914704164815,15.530361160010886,16.273503525333556,0.14270878216916869,0.999611960440126,2,0,16.52609456531562,16.184196701287924,16.31590340230651,16.10773941982056,17.780019507346125,-0.20160538070231127,0.00018185811626977218,16.52609456531562,114.03295072648544,-0.8481253283247411
2025-06-12,0x2c3c320d49019d4f9a92352e947c7e5acfe47d68,8593827.78281078,0.999692444376285,15.966554920243443,16.15246859260155,16.27404802269887,15.374221566748544,16.229575939268496,0.18389512365118363,0.999799529686438,3,0,16.354073973303862,16.52609456531562,16.184196701287924,16.31590340230651,17.35977121941589,-0.18591367235810807,0.00019923374170480816,16.52609456531562,88.25452038659338,-1.430277289592608
2025-06-13,0x2c3c320d49019d4f9a92352e947c7e5acfe47d68,15416686.6470374,0.999358290666857,16.550961094142586,15.966554920243443,16.10773941982056,16.03567419867642,16.292893321314498,0.20947758163036823,0.999692444376285,4,0,16.15246859260155,16.354073973303862,16.52609456531562,16.184196701287924,17.203363115856284,0.5844061738991435,0.00020077434801111136,16.550961094142586,77.778696863438,1.2319589085360947
2025-06-14,0x2c3c320d49019d4f9a92352e947c7e5acfe47d68,16670945.0797441,0.999500495223491,16.62917800655052,16.550961094142586,16.31590340230651,14.768772113410634,16.3376468362065,0.24556836429833478,0.999358290666857,5,1,15.966554920243443,16.15246859260155,16.354073973303862,16.52609456531562,17.17383127450579,0.07821691240793527,0.00016389992111487904,16.62917800655052,66.52993305097844,1.187169084979876
2025-06-15,0x2c3c320d49019d4f9a92352e947c7e5acfe47d68,20702060.761671,0.999630474833532,16.845743855288738,16.62917800655052,16.184196701287924,14.849195339671475,16.432153572492332,0.29830574464657633,0.999500495223491,6,1,16.550961094142586,15.966554920243443,16.15246859260155,16.354073973303862,17.314133033386966,0.21656584873821672,0.00015667455132501885,16.845743855288738,55.084938414312646,1.3864643581921305
2025-06-16,0x2c3c320d49019d4f9a92352e947c7e5acfe47d68,54791615.8459365,0.999774961658677,17.819047762952096,16.845743855288738,16.52609456531562,13.97688230717763,16.616861172154685,0.6068704155366995,0.999630474833532,0,0,16.62917800655052,16.550961094142586,15.966554920243443,16.15246859260155,17.50310622474217,0.9733039076633574,0.00015509485073864258,17.819047762952096,27.381234521803457,1.9809609432587856
2025-06-17,0x2c3c320d49019d4f9a92352e947c7e5acfe47d68,32338654.4471408,0.999634740819335,17.291773835712178,17.819047762952096,16.354073973303862,14.051655263337404,16.750818295355874,0.6416889982795622,0.999774961658677,1,0,16.845743855288738,16.62917800655052,16.550961094142586,15.966554920243443,18.081968968896163,-0.5272739272399178,0.00015503856205168525,17.819047762952096,26.10426287542195,0.8430182562061598
2025-06-18,0x2c3c320d49019d4f9a92352e947c7e5acfe47d68,11159576.2516619,0.999758528793835,16.22780863352449,17.291773835712178,16.15246859260155,15.165534693900575,16.761581158344864,0.6305149334899375,0.999634740819335,2,0,17.819047762952096,16.845743855288738,16.62917800655052,16.550961094142586,16.2914704164815,-1.0639652021876884,0.00014806395357827882,17.819047762952096,26.58395585584075,-0.8465660311420734
2025-06-19,0x2c3c320d49019d4f9a92352e947c7e5acfe47d68,12522974.3621179,0.999754366741298,16.3430755441337,16.22780863352449,15.966554920243443,15.482661301181386,16.815369818900614,0.5639329419279122,0.999758528793835,3,0,17.291773835712178,17.819047762952096,16.845743855288738,16.62917800655052,16.27404802269887,0.11526691060921124,0.0001547149399204046,17.819047762952096,29.81803077758513,-0.8375007729683245
2025-06-20,0x2c3c320d49019d4f9a92352e947c7e5acfe47d68,12326355.7918422,0.99979905826747,16.327250356364978,16.3430755441337,16.550961094142586,16.360392245021433,16.783411142075245,0.5872707091219702,0.999754366741298,4,0,16.22780863352449,17.291773835712178,17.819047762952096,16.845743855288738,16.10773941982056,-0.01582518776872277,0.00010831067125987474,17.819047762952096,28.57866207420452,-0.7767470412278533
2025-06-21,0x2c3c320d49019d4f9a92352e947c7e5acfe47d68,7190081.15845181,0.999847510767914,15.788213156398538,16.327250356364978,16.62917800655052,16.988440428150607,16.663273306339246,0.6993950705585502,0.99979905826747,5,1,16.3430755441337,16.22780863352449,17.291773835712178,17.819047762952096,16.31590340230651,-0.5390371999664403,8.148478756298985e-05,17.819047762952096,23.825265587061743,-1.251167168281415
2025-06-22,0x2c3c320d49019d4f9a92352e947c7e5acfe47d68,5256080.82520854,0.999645531545945,15.474896406987455,15.788213156398538,16.845743855288738,16.279074946049988,16.46743795658192,0.8211175872458433,0.999847510767914,6,1,16.327250356364978,16.3430755441337,16.22780863352449,17.291773835712178,16.184196701287924,-0.3133167494110829,7.815611110069126e-05,17.819047762952096,20.0549083497484,-1.2087690788887102
